Dates,X,Y
2015-05-12 01:46:00,-122.40115237098101,37.738362825899294
2015-05-11 05:00:00,-122.392347671978,37.7890603555993
2015-05-02 05:39:00,-122.469906688039,37.7836161897605
2015-05-01 21:15:00,-122.416577792446,37.780614876154
2015-05-01 20:00:00,-122.423715048532,37.7717810622866
2015-04-29 06:35:00,-122.482184155412,37.773579768654706
2015-04-29 01:05:00,-122.41959364645399,37.7991861177677
2015-04-28 01:25:00,-122.41162615229901,37.77858957403121
2015-04-18 09:09:00,-122.442254995811,37.7967153758518
2015-04-17 18:30:00,-122.40901120663901,37.7811340568243
2015-04-16 01:13:00,-122.445255696193,37.7157170897971
2015-04-16 00:30:00,-122.450480413582,37.7647201806273
2015-04-14 13:00:00,-122.47287586133899,37.713317784448
2015-04-05 20:00:00,-122.40340479147899,37.775420706711
2015-04-05 04:42:00,-122.41742981709601,37.799176058463296
2015-04-04 22:50:00,-122.428306500557,37.7990143347959
2015-04-04 00:30:00,-122.40968720575,37.8003260482415
2015-04-02 23:00:00,-122.439793801245,37.7974418348099
2015-04-02 18:10:00,-122.405924386123,37.7766015774052
2015-03-31 21:00:00,-122.421748892194,37.7716418466942
2015-03-30 04:45:00,-122.406539115148,37.7564864109309
2015-03-20 06:30:00,-122.433332271053,37.8030557323315
2015-03-18 01:39:00,-122.40618184105,37.7894765068014
2015-03-16 05:11:00,-122.39262364360901,37.7517100089534
2015-03-16 00:08:00,-122.421609674066,37.7627519883966
2015-03-07 04:38:00,-122.466504397113,37.7662014296859
2015-03-07 03:15:00,-122.379995240287,37.7277878205458
2015-03-06 04:30:00,-122.40340479147899,37.775420706711
2015-03-05 22:23:00,-122.419832741614,37.7577669901356
2015-03-04 01:30:00,-122.421720672696,37.7914446364385
2015-03-03 17:30:00,-122.38066277205401,37.7304510220681
2015-02-22 03:31:00,-122.41623039254299,37.7636337702985
2015-02-20 20:00:00,-122.410738097315,37.767524308783
2015-02-20 01:06:00,-122.408437135288,37.781954394999794
2015-02-18 19:00:00,-122.399768270061,37.728881281786705
2015-02-08 07:10:00,-122.392493074979,37.718903919211996
2015-02-08 07:10:00,-122.39221691150401,37.721560203650796
2015-02-07 08:00:00,-122.423064957893,37.8020242365357
2015-02-06 21:00:00,-122.41935926631399,37.8048384367685
2015-02-03 18:00:00,-122.431015257276,37.7117445002313
2015-02-03 13:15:00,-122.414200995694,37.7137889657104
2015-02-03 05:08:00,-122.37934537972001,37.73574190685721
2015-02-02 20:30:00,-122.376900658814,37.72948746365589
2015-02-02 12:56:00,-122.416374835778,37.7644225165568
2015-02-02 10:05:00,-122.42187648849199,37.7640888944532
2015-02-02 02:06:00,-122.389279211854,37.716962016099
2015-01-23 21:33:00,-122.414985611799,37.795432562453996
2015-01-23 09:46:00,-122.412594354828,37.748166005622295
2015-01-23 01:55:00,-122.414985611799,37.795432562453996
2015-01-22 01:59:00,-122.405025778458,37.792508340252
2015-01-20 21:10:00,-122.43049391034201,37.801493188150395
2015-01-20 03:01:00,-122.40950430935,37.781526271747
2015-01-19 23:57:00,-122.413237516676,37.78284302332129
2015-01-19 23:51:00,-122.41455494733299,37.789368344193896
2015-01-19 23:27:00,-122.415720972438,37.7096906265635
2015-01-19 05:30:00,-122.417107256373,37.785323829209396
2015-01-19 04:34:00,-122.434051954938,37.761748457561204
2015-01-19 03:45:00,-122.434314706976,37.759266711096295
2015-01-11 22:45:00,-122.467514101042,37.7658764339105
2015-01-11 01:00:00,-122.43505280002,37.7906587149859
2015-01-08 20:00:00,-122.47318393276501,37.7139711457355
2015-01-07 21:10:00,-122.46062270187201,37.7104779877599
2015-01-07 20:28:00,-122.43723610190399,37.7803348745141
2015-01-06 13:49:00,-122.418045452768,37.7775118895695
2015-01-06 03:20:00,-122.401469604468,37.795096260604794
2015-01-05 20:10:00,-122.436407559729,37.7936146828234
2015-01-05 16:50:00,-122.410345341262,37.785230998983295
2015-01-05 05:30:00,-122.40700119831499,37.7585409046629
2015-01-05 00:25:00,-122.412692501299,37.8052004417085
2014-12-25 09:52:00,-122.43797800823499,37.7884353561249
2014-12-25 07:25:00,-122.416517427405,37.7330103867416
2014-12-23 20:13:00,-122.42978898698799,37.7666521474762
2014-12-12 23:10:00,-122.384404223333,37.739674117404
2014-12-12 22:30:00,-122.446509476572,37.8009526568789
2014-12-12 06:30:00,-122.422821814188,37.7252119760864
2014-12-12 02:25:00,-122.44370802099701,37.7999239241576
2014-12-10 18:27:00,-122.42025496034799,37.774358171070105
2014-12-09 20:00:00,-122.499522719635,37.7532791383099
2014-12-08 04:55:00,-122.433891506792,37.7601358672289
2014-11-29 23:10:00,-122.43795606771799,37.788326891872
2014-11-29 00:01:00,-122.378991849151,37.73453622329961
2014-11-27 07:08:00,-122.392523253571,37.750725918225896
2014-11-26 19:59:00,-122.394688229661,37.7889437645084
2014-11-26 05:05:00,-122.431955738461,37.732993205473
2014-11-16 04:51:00,-122.40377224998899,37.78912092500261
2014-11-14 04:00:00,-122.40467740154699,37.7971157930221
2014-11-14 02:30:00,-122.472149533606,37.7590240328632
2014-11-11 23:25:00,-122.406324313914,37.7536322498822
2014-11-11 22:10:00,-122.418277910521,37.762695287595
2014-11-10 20:24:00,-122.439420802591,37.787162411435204
2014-11-01 20:10:00,-122.443584639717,37.7741979150087
2014-10-30 11:51:00,-122.415322108652,37.7767183581051
2014-10-28 08:28:00,-122.386849266637,37.73066480545821
2014-10-27 22:04:00,-122.42547895155,37.7202325556594
2014-10-17 17:10:00,-122.41506687647,37.7835634796332
2014-10-13 18:30:00,-122.38219258397301,37.7298874272325
2014-10-13 01:10:00,-122.401242889477,37.7995312586369
2014-10-04 15:50:00,-122.39015040978501,37.72700062241029
2014-10-04 09:06:00,-122.42356400536501,37.747156107970206
2014-10-03 22:17:00,-122.39131674967501,37.7365594026335
2014-10-03 11:49:00,-122.434135082799,37.774030093363
2014-10-01 13:00:00,-122.489713969124,37.7339497680852
2014-10-01 06:45:00,-122.415448759562,37.778293520129
2014-09-17 20:16:00,-122.394152747236,37.7835046149776
2014-09-16 20:10:00,-122.425844437514,37.7590298040848
2014-09-15 20:00:00,-122.479893513106,37.77049279878271
2014-09-07 20:30:00,-122.41838200860701,37.783258377094896
2014-09-06 08:30:00,-122.509895418239,37.7723131976814
2014-09-05 03:55:00,-122.390713923618,37.717724598154994
2014-09-04 01:13:00,-122.44643449872801,37.7610072307256
2014-08-24 04:35:00,-122.41967295494499,37.789668941238
2014-08-23 23:06:00,-122.40970842372101,37.78282764988379
2014-08-23 06:24:00,-122.42771770939501,37.766980071165904
2014-08-18 19:11:00,-122.39748691567101,37.752197092814
2014-08-09 22:07:00,-122.416446124049,37.7329162539537
2014-08-09 17:24:00,-122.424688703591,37.7853339640306
2014-08-08 23:43:00,-122.415757039196,37.7754692820041
2014-08-07 03:15:00,-122.386178373766,37.739322006639206
2014-08-06 22:00:00,-122.43537342142,37.75287894366179
2014-07-26 02:35:00,-122.44020983378901,37.7950655883181
2014-07-23 04:35:00,-122.390924446041,37.724544596177005
2014-07-21 03:28:00,-122.428087689719,37.7895820615822
2014-07-21 03:21:00,-122.410246553741,37.7890162035598
2014-07-13 06:53:00,-122.40275678107001,37.74811081228179
2014-07-13 00:20:00,-122.473644075533,37.7155536666978
2014-07-09 00:33:00,-122.432800615342,37.7795115909237
2014-07-07 11:45:00,-122.416374835778,37.7644225165568
2014-06-27 17:00:00,-122.44439308278601,37.760065921027
2014-06-26 00:30:00,-122.418124262331,37.761090124073796
2014-06-25 11:00:00,-122.405582629186,37.7854659679151
2014-06-25 08:35:00,-122.39685349996901,37.79267911710721
2014-06-25 00:01:00,-122.437174308795,37.7613164774097
2014-06-14 22:30:00,-122.418968700591,37.7322083101759
2014-06-12 22:45:00,-122.394110175454,37.7912542147568
2014-06-11 13:11:00,-122.40328484310601,37.787306416019
2014-06-10 23:05:00,-122.392250041709,37.7889824799132
2014-06-01 04:45:00,-122.38274539551901,37.73565878863421
2014-05-28 22:00:00,-122.40932521049601,37.77881574264271
2014-05-27 04:25:00,-122.389310644607,37.738741839511
2014-05-18 17:45:00,-122.419308328755,37.75545608348821
2014-05-17 06:07:00,-122.392454483167,37.7863708799476
2014-05-16 04:25:00,-122.45840217758,37.766107620539714
2014-05-15 04:40:00,-122.398725523286,37.7394292585009
2014-05-14 10:45:00,-122.40485851617399,37.7872026250974
2014-05-01 03:15:00,-122.42116235804899,37.7580892252137
2014-04-29 04:50:00,-122.43473324633301,37.7849443169969
2014-04-28 10:00:00,-122.38777500251499,37.7204658651293
2014-04-28 06:45:00,-122.416992162344,37.7886442171326
2014-04-19 23:00:00,-122.429818570223,37.7254602788122
2014-04-15 16:20:00,-122.500859638237,37.7484700842065
2014-04-05 22:56:00,-122.40540261095501,37.789630226693504
2014-04-05 01:50:00,-122.432116233695,37.7800304351156
2014-04-05 01:50:00,-122.432116233695,37.7800304351156
2014-04-02 23:40:00,-122.417107986993,37.7122561827524
2014-03-31 19:09:00,-122.385835676499,37.7396105936444
2014-03-31 01:24:00,-122.433084166837,37.7851499161537
2014-03-23 01:25:00,-122.41425865114401,37.77197236875789
2014-03-22 04:00:00,-122.44470706345501,37.7249307267936
2014-03-19 20:08:00,-122.420001436964,37.7740948566882
2014-03-05 01:49:00,-122.427127092149,37.72205469469471
2014-03-04 19:45:00,-122.39525100993099,37.755344351956786
2014-02-23 02:13:00,-122.42576824687299,37.7582261992584
2014-02-21 21:41:00,-122.45010291076099,37.7089456366141
2014-02-20 00:30:00,-122.46034732469,37.74645068150271
2014-02-09 11:05:00,-122.418822449574,37.7854811371963
2014-02-09 02:22:00,-122.420001436964,37.7740948566882
2014-02-07 17:46:00,-122.420719281985,37.79945462832
2014-02-06 02:43:00,-122.45442834553499,37.765698974485204
2014-02-04 02:47:00,-122.395382931364,37.73840533514429
2014-02-03 05:20:00,-122.383085144615,37.7317523387371
2014-01-26 16:00:00,-122.411752574468,37.751820136318
2014-01-26 00:01:00,-122.447758654898,37.7330178512547
2014-01-25 13:20:00,-122.406977563692,37.789918101686
2014-01-25 12:15:00,-122.40340479147899,37.775420706711
2014-01-25 10:05:00,-122.415270023651,37.8058980113661
2014-01-24 16:00:00,-122.439118214706,37.789644642101706
2014-01-24 05:31:00,-122.421057854839,37.766598778147795
2014-01-20 20:21:00,-122.469738991974,37.715188066657
2014-01-12 19:47:00,-122.455045708672,37.7191365323626
2014-01-11 19:55:00,-122.39509777418101,37.79405904855621
2014-01-10 18:13:00,-122.484872200768,37.782939257871
2014-01-10 11:00:00,-122.49009343735901,37.780792084019396
2014-01-07 00:01:00,-122.38610961907699,37.7283547937407
2014-01-06 02:00:00,-122.42724707091101,37.7505006388269
2013-12-29 05:04:00,-122.420359911899,37.749695007739
2013-12-28 22:45:00,-122.40950430935,37.781526271747
2013-12-28 19:22:00,-122.39295582699499,37.726563702951005
2013-12-28 00:14:00,-122.45683034911,37.724115436248496
2013-12-25 18:50:00,-122.406802310999,37.7937562170081
2013-12-11 14:58:00,-122.418049946137,37.7650940324026
2013-11-30 00:55:00,-122.488084288982,37.7743199544177
2013-11-28 03:45:00,-122.462974789143,37.7613630987066
2013-11-27 10:45:00,-122.406805624892,37.767762171971796
2013-11-25 01:23:00,-122.40942036456,37.7816150265786
2013-11-16 21:00:00,-122.39601391156602,37.718069432086295
2013-11-15 00:05:00,-122.380150135518,37.7309030959087
2013-11-14 16:15:00,-122.41560549623699,37.767717752066496
2013-11-11 10:27:00,-122.42002147104701,37.7872807076108
2013-11-11 10:27:00,-122.42002147104701,37.7872807076108
2013-11-11 10:00:00,-122.415654629547,37.7864672409674
2013-11-11 06:00:00,-122.4428172375,37.7994896740468
2013-11-11 05:50:00,-122.44166000678601,37.7982703821018
2013-11-02 23:05:00,-122.452632789956,37.7221777092988
2013-11-02 10:06:00,-122.459031845907,37.75199756201009
2013-10-29 23:00:00,-122.431361636424,37.7762972389613
2013-10-28 18:33:00,-122.472298088823,37.7731143584551
2013-10-19 07:01:00,-122.421406672969,37.7494022896942
2013-10-18 17:45:00,-122.412594354828,37.748166005622295
2013-10-18 05:30:00,-122.418028132982,37.7898812870744
2013-10-18 04:34:00,-122.46388023993,37.7744766269335
2013-10-16 22:30:00,-122.43502821575001,37.7777469477364
2013-10-06 19:40:00,-122.380382266471,37.7353538209895
2013-10-04 21:36:00,-122.388139317244,37.718235637361495
2013-10-04 21:35:00,-122.39670853025999,37.79787288559329
2013-10-04 17:55:00,-122.493403241013,37.735766334949396
2013-10-01 09:20:00,-122.407544978737,37.7278745037778
2013-09-20 10:02:00,-122.448192619246,37.8046166061201
2013-09-19 06:33:00,-122.433571772367,37.7788887614902
2013-09-18 19:14:00,-122.46110740446998,37.7740161252649
2013-09-18 13:30:00,-122.41856209710501,37.78418470913029
2013-09-18 04:51:00,-122.41016535648501,37.777283890395104
2013-09-17 18:40:00,-122.41856209710501,37.78418470913029
2013-09-07 04:57:00,-122.50806768811199,37.760327629048
2013-09-06 03:49:00,-122.469641697587,37.7732875002688
2013-09-06 00:01:00,-122.43709942831998,37.7803522156893
2013-09-04 19:00:00,-122.410802477808,37.7743299153836
2013-08-24 09:20:00,-122.39002724349501,37.7762997888042
2013-08-09 23:30:00,-122.42298486533701,37.7893598360149
2013-08-09 11:15:00,-122.395382931364,37.73840533514429
2013-08-09 06:30:00,-122.408034830311,37.7907401544868
2013-08-06 22:45:00,-122.43223920901899,37.7666730659112
2013-08-05 04:55:00,-122.420571110949,37.7857331120575
2013-07-28 11:09:00,-122.40900736956499,37.7915837065255
2013-07-24 23:23:00,-122.405025778458,37.792508340252
2013-07-23 19:41:00,-122.37376866328,37.7280078822916
2013-07-23 14:30:00,-122.41280375299999,37.8057739875696
2013-07-23 01:25:00,-122.429080297019,37.7681979747465
2013-07-22 17:25:00,-122.422540554174,37.78690886580221
2013-07-22 02:00:00,-122.48195981416,37.763403841317
2013-07-14 04:20:00,-122.40950430935,37.781526271747
2013-07-14 02:40:00,-122.41219255572099,37.781604574125204
2013-07-12 04:04:00,-122.406548471122,37.7487265521144
2013-07-09 10:00:00,-122.49009343735901,37.780792084019396
2013-06-30 00:52:00,-122.43865650313299,37.80421202393
2013-06-26 01:06:00,-122.43306868979099,37.7847514954484
2013-06-25 05:16:00,-122.420433293071,37.781770080046
2013-06-24 23:30:00,-122.412758759499,37.7850960963726
2013-06-15 08:37:00,-122.445856281114,37.721628294594495
2013-06-14 14:00:00,-122.38694210387199,37.75416798376661
2013-06-12 16:45:00,-122.451871901484,37.71579411137429
2013-06-12 00:25:00,-122.407343295373,37.7698568217817
2013-06-02 22:05:00,-122.40950430935,37.781526271747
2013-05-31 04:10:00,-122.389440639195,37.715558495062496
2013-05-28 16:20:00,-122.46620466789301,37.7725405391593
2013-05-17 00:59:00,-122.38480444106199,37.7266675090896
2013-05-16 11:40:00,-122.41285712652399,37.7855804361702
2013-05-15 10:15:00,-122.415448759562,37.778293520129
2013-05-05 22:55:00,-122.38472402721001,37.726756887838796
2013-05-05 03:55:00,-122.40340479147899,37.775420706711
2013-05-02 00:18:00,-122.406092233116,37.7891339284094
2013-05-01 09:15:00,-122.470359608661,37.7460753397163
2013-04-21 22:40:00,-122.413609328985,37.784696907904
2013-04-06 07:20:00,-122.417999278691,37.7856407526644
2013-04-04 09:10:00,-122.416916142188,37.78439444920679
2013-04-02 05:51:00,-122.410308134525,37.7189479999326
2013-03-24 08:00:00,-122.48517829009899,37.7547753194976
2013-03-22 03:05:00,-122.462974789143,37.7613630987066
2013-03-20 01:00:00,-122.419515708406,37.7634292328496
2013-03-10 05:15:00,-122.42302997814,37.7735839956115
2013-03-09 21:45:00,-122.431955738461,37.732993205473
2013-03-09 03:09:00,-122.494723494119,37.7375179574235
2013-03-07 00:01:00,-122.484367644079,37.75854795337969
2013-03-06 03:04:00,-122.406539115148,37.7564864109309
2013-03-04 20:58:00,-122.412784096502,37.78486569395261
2013-03-04 20:58:00,-122.413609328985,37.784696907904
2013-03-04 20:21:00,-122.412784096502,37.78486569395261
2013-03-04 19:36:00,-122.41379097278099,37.783836556534794
2013-03-04 19:33:00,-122.412930522059,37.7838344374141
2013-03-04 12:09:00,-122.418738265772,37.7546172382083
2013-02-24 05:00:00,-122.39311868360599,37.7409029737082
2013-02-23 16:37:00,-122.45989642253001,37.70971585659071
2013-02-23 16:37:00,-122.45989642253001,37.70971585659071
2013-02-23 13:28:00,-122.47564746078599,37.7285280627465
2013-02-23 03:40:00,-122.40435958711001,37.7882726542513
2013-02-22 22:50:00,-122.41621193388599,37.7389766851898
2013-02-21 00:40:00,-122.414953043045,37.7765019124574
2013-02-19 22:00:00,-122.384900862378,37.729694047171996
2013-02-09 08:28:00,-122.417672923626,37.7881242734432
2013-02-08 17:44:00,-122.438274166152,37.7482361406763
2013-02-07 21:39:00,-122.39759009678801,37.7342093398821
2013-02-05 14:00:00,-122.401191922623,37.7616428225519
2013-02-04 23:10:00,-122.440654113872,37.7195368737652
2013-01-27 09:54:00,-122.42037536821998,37.7848006211991
2013-01-26 07:45:00,-122.42037536821998,37.7848006211991
2013-01-26 06:43:00,-122.39883318216101,37.7656573854206
2013-01-26 02:05:00,-122.424436633246,37.7757403536826
2013-01-23 05:00:00,-122.462974789143,37.7613630987066
2013-01-22 22:00:00,-122.419650193312,37.74583865848409
2013-01-22 22:00:00,-122.419650193312,37.74583865848409
2013-01-21 12:00:00,-122.42446746767,37.7360604757326
2013-01-21 02:00:00,-122.412704829011,37.740841244439004
2013-01-13 22:55:00,-122.421608893207,37.7955038710773
2013-01-11 02:35:00,-122.42922467039699,37.770349545865
2013-01-10 22:14:00,-122.385215479529,37.7382444962471
2013-01-10 18:30:00,-122.389286347131,37.7310998921861
2013-01-10 07:55:00,-122.42130534839599,37.7321638759455
2013-01-09 05:25:00,-122.419020964349,37.782652976076996
2013-01-08 10:40:00,-122.41718044863501,37.76196742181021
2013-01-08 08:53:00,-122.416557578218,37.75474851103979
2012-12-30 22:46:00,-122.425624488895,37.7409495166569
2012-12-29 00:10:00,-122.365565425353,37.8096707013239
2012-12-26 23:40:00,-122.388723051056,37.731726286076395
2012-12-26 23:40:00,-122.40502080789,37.7880208011824
2012-12-15 09:15:00,-122.42317034730101,37.7226431761767
2012-12-13 20:00:00,-122.408953598279,37.783287873572
2012-12-12 15:30:00,-122.365565425353,37.8096707013239
2012-12-12 14:34:00,-122.40071978579701,37.7907124695865
2012-12-12 00:01:00,-122.422315670749,37.773618627645604
2012-12-02 17:20:00,-122.375989158092,37.7301576924252
2012-11-30 10:06:00,-122.44000661153099,37.721804883554704
2012-11-28 17:30:00,-122.389962980534,37.7225641172396
2012-11-27 07:30:00,-122.420240108072,37.78434564911179
2012-11-26 20:00:00,-122.467937380221,37.715202740551895
2012-11-15 00:09:00,-122.40591123648399,37.7880756774805
2012-11-13 15:43:00,-122.406539115148,37.7564864109309
2012-11-13 15:43:00,-122.406539115148,37.7564864109309
2012-11-13 15:43:00,-122.406539115148,37.7564864109309
2012-11-04 01:06:00,-122.466558183255,37.7837676393143
2012-10-31 20:00:00,-122.42779860597099,37.76590072101
2012-10-29 01:30:00,-122.400916029025,37.7854574902997
2012-10-29 00:30:00,-122.403434086745,37.78764305018
2012-10-19 02:43:00,-122.422344796838,37.7734091793677
2012-10-16 03:29:00,-122.405500663892,37.7900791337552
2012-10-16 01:06:00,-122.38923573923701,37.721754773399894
2012-10-15 00:45:00,-122.407877787733,37.785968007677496
2012-10-06 04:20:00,-122.422903989743,37.801556112203606
2012-10-03 07:30:00,-122.45911000139401,37.7144894576542
2012-10-02 07:50:00,-122.40019476894399,37.7900527936016
2012-09-23 22:00:00,-122.434363909417,37.7330448919252
2012-09-22 22:00:00,-122.398402739289,37.7524030056629
2012-09-22 17:45:00,-122.419858277339,37.786137125238
2012-09-20 18:17:00,-122.49346849500601,37.7295950708457
2012-09-19 03:00:00,-122.40340479147899,37.775420706711
2012-09-19 02:15:00,-122.389849114797,37.7304741509374
2012-09-18 02:15:00,-122.423581857437,37.7759042673828
2012-09-09 13:23:00,-122.40340479147899,37.775420706711
2012-09-09 04:40:00,-122.41402982172701,37.7823291237659
2012-09-07 01:07:00,-122.491699061109,37.7796499277867
2012-09-05 09:00:00,-122.48130501918399,37.747461318190496
2012-09-04 21:44:00,-122.387833652325,37.7131072321423
2012-09-03 20:29:00,-122.41747701285,37.764357751686
2012-09-03 11:06:00,-122.416991089644,37.777074192255995
2012-09-03 11:06:00,-122.416991089644,37.777074192255995
2012-08-26 06:10:00,-122.378991849151,37.73453622329961
2012-08-25 23:14:00,-122.377420574148,37.7334168528467
2012-08-25 22:45:00,-122.418930302924,37.80735025163229
2012-08-25 21:50:00,-122.4145828668,37.7089357649813
2012-08-09 01:19:00,-122.39911296344201,37.74687962237
2012-08-08 21:44:00,-122.386800717671,37.7259869217106
2012-08-07 21:00:00,-122.417955821717,37.7578801214437
2012-08-06 22:34:00,-122.391708193948,37.7538716329607
2012-07-26 17:40:00,-122.39409773463899,37.7789944686376
2012-07-25 10:06:00,-122.398929855632,37.781256196331604
2012-07-24 06:17:00,-122.387153625351,37.7271911468699
2012-07-24 00:01:00,-122.413237516676,37.78284302332129
2012-07-23 02:18:00,-122.431007143745,37.7664004342884
2012-07-14 12:18:00,-122.410985121891,37.736324126983796
2012-07-13 19:10:00,-122.420272135283,37.7473316298785
2012-07-13 11:30:00,-122.40340479147899,37.775420706711
2012-07-12 20:00:00,-122.40502080789,37.7880208011824
2012-07-12 00:01:00,-122.49206801733999,37.714361549875605
2012-07-09 04:58:00,-122.382916662508,37.7270737337453
2012-06-30 20:40:00,-122.434233140481,37.710424509124714
2012-06-30 06:00:00,-122.460040578709,37.774151965617705
2012-06-29 02:30:00,-122.403276063199,37.7431236721444
2012-06-28 01:59:00,-122.397089183868,37.753598788032704
2012-06-26 15:30:00,-122.39904565584101,37.7813197113532
2012-06-25 03:35:00,-122.48087686107401,37.7318051229286
2012-06-25 02:50:00,-122.38059875027399,37.7267028585173
2012-06-25 01:06:00,-122.45907076734899,37.71745364071009
2012-06-17 11:24:00,-122.40328484310601,37.787306416019
2012-06-16 03:30:00,-122.44664033992399,37.730303355746
2012-06-13 20:00:00,-122.386437671186,37.7191834462785
2012-06-13 14:38:00,-122.43582405386499,37.7625528315766
2012-06-13 04:50:00,-122.385550124688,37.733998953092
2012-06-13 03:10:00,-122.435773846395,37.7624591846215
2012-06-12 00:22:00,-122.41154044765601,37.78740983565
2012-05-20 23:16:00,-122.395513264888,37.7536178531447
2012-05-18 13:34:00,-122.47938499931999,37.7728444410496
2012-05-18 01:45:00,-122.477967578957,37.744821827582996
2012-05-17 16:46:00,-122.477967578957,37.744821827582996
2012-05-15 15:44:00,-122.417367329727,37.7828626236813
2012-05-14 21:27:00,-122.423918786916,37.781533812781795
2012-05-14 04:00:00,-122.476719025527,37.7805797943167
2012-05-03 23:08:00,-122.38652827781799,37.7173949536041
2012-04-30 21:30:00,-122.42158168136999,37.7617007179518
2012-04-30 02:05:00,-122.479241431478,37.779356245781706
2012-04-17 11:41:00,-122.49346849500601,37.7295950708457
2012-04-16 11:00:00,-122.502708098898,37.7614820910625
2012-04-16 02:07:00,-122.40901120663901,37.7811340568243
2012-04-08 21:00:00,-122.410478069487,37.7662463209137
2012-04-08 02:55:00,-122.39166223177601,37.7519529830493
2012-04-04 15:38:00,-122.44514733830201,37.7214113471419
2012-03-23 19:15:00,-122.416744345292,37.7791213111608
2012-03-21 12:00:00,-122.439151333605,37.726550783796704
2012-03-20 23:00:00,-122.44424387142,37.7736984221891
2012-03-08 03:00:00,-122.40967880677799,37.780978048463
2012-03-06 23:00:00,-122.46471492926202,37.76405203136579
2012-02-26 19:28:00,-122.3829325908,37.7256050225653
2012-02-26 15:00:00,-122.415642487855,37.7788323158792
2012-02-26 07:35:00,-122.42076293644699,37.7650403422958
2012-02-26 07:08:00,-122.382542136125,37.7386155130251
2012-02-26 02:26:00,-122.423622537404,37.7647573853335
2012-02-24 20:30:00,-122.450591365057,37.78192652036979
2012-02-24 14:00:00,-122.509261288111,37.776547938743
2012-02-24 08:00:00,-122.41506488766599,37.7764354063246
2012-02-22 21:56:00,-122.407689581502,37.7902423892742
2012-02-12 22:35:00,-122.406346425632,37.7791674218963
2012-02-07 20:05:00,-122.459142275021,37.7241013993751
2012-01-26 13:00:00,-122.470359608661,37.7460753397163
2012-01-23 08:00:00,-122.409652663162,37.7964914531604
2012-01-15 05:00:00,-122.421943374355,37.7479358960534
2012-01-14 03:15:00,-122.39577189706199,37.7572927810101
2012-01-14 01:54:00,-122.435753024583,37.7733438011236
2012-01-13 22:12:00,-122.426153349478,37.7606186794333
2012-01-13 20:20:00,-122.40989282029,37.7801134973164
2012-01-12 08:00:00,-122.491956779206,37.7768766735218
2012-01-10 19:55:00,-122.40340479147899,37.775420706711
2012-01-10 19:55:00,-122.40340479147899,37.775420706711
2012-01-09 04:10:00,-122.406463425003,37.753636505486
2012-01-09 02:30:00,-122.373456171525,37.7296796672727
2011-12-26 18:30:00,-122.386629461402,37.73863297497221
2011-12-17 10:21:00,-122.44041184715599,37.75544560646609
2011-12-17 04:00:00,-122.41357158284599,37.7929424174961
2011-12-12 01:00:00,-122.402564611233,37.7538576956325
2011-12-01 14:57:00,-122.39617056066002,37.7954869937274
2011-12-01 14:00:00,-122.39435324088801,37.7940873256363
2011-11-30 19:30:00,-122.41967661615,37.7658510977435
2011-11-18 22:30:00,-122.40220961174101,37.7423447248336
2011-11-16 14:53:00,-122.393357241451,37.775787621829295
2011-11-16 00:15:00,-122.39146877152201,37.71926858093661
2011-11-14 21:27:00,-122.403259230012,37.74192628625021
2011-11-14 16:09:00,-122.40449925232599,37.7646644599554
2011-11-14 15:05:00,-122.491956779206,37.7768766735218
2011-11-06 23:30:00,-122.402448598316,37.76862184291471
2011-11-04 15:28:00,-122.406991322127,37.7612944300102
2011-10-31 02:41:00,-122.395635436168,37.7535645746594
2011-10-20 13:44:00,-122.491956779206,37.7768766735218
2011-10-19 19:30:00,-122.46789869896901,37.786532532197214
2011-10-03 12:50:00,-122.420253564524,37.7536816295495
2011-09-24 23:26:00,-122.388387661292,37.7642952908325
2011-09-22 20:30:00,-122.416696931762,37.767667106329604
2011-09-19 09:30:00,-122.41250614556002,37.745680288147504
2011-09-10 10:30:00,-122.389056277059,37.71882202740071
2011-09-09 10:40:00,-122.425591802243,37.7197426710766
2011-09-09 06:30:00,-122.433978272453,37.7508960319364
2011-09-08 04:50:00,-122.46701457229601,37.713365798221
2011-09-08 03:50:00,-122.431021427806,37.7651022454799
2011-09-08 02:20:00,-122.414619686906,37.785583058846996
2011-09-08 02:15:00,-122.416235852379,37.784912573847606
2011-09-07 06:02:00,-122.381719720362,37.72544807413321
2011-09-06 23:00:00,-122.38997984908501,37.733521608374296
2011-08-26 16:32:00,-122.425836398247,37.718279128022296
2011-08-25 18:20:00,-122.411607253459,37.8044472417935
2011-08-25 08:54:00,-122.440388229194,37.7174580136719
2011-08-24 18:30:00,-122.413189430011,37.77127369135761
2011-08-22 19:57:00,-122.405832474482,37.7857446545609
2011-08-11 13:35:00,-122.429163243569,37.7588827167621
2011-08-11 06:00:00,-122.393739160349,37.721409092511394
2011-08-09 21:01:00,-122.386437671186,37.7191834462785
2011-08-09 06:00:00,-122.411638240183,37.79069661417179
2011-08-08 09:22:00,-122.406539115148,37.7564864109309
2011-07-29 18:10:00,-122.479111707519,37.73183351447629
2011-07-17 23:45:00,-122.40979166229299,37.7985083480435
2011-07-17 23:00:00,-122.43334761660499,37.7207975379192
2011-07-15 04:06:00,-122.40583874581002,37.7973631784416
2011-07-15 04:00:00,-122.405446187756,37.796945444827706
2011-07-12 00:29:00,-122.387833652325,37.7131072321423
2011-07-11 02:26:00,-122.44318148993999,37.733777983180794
2011-07-01 10:23:00,-122.39685349996901,37.79267911710721
2011-06-04 21:00:00,-122.482592898737,37.7811403162951
2011-06-04 20:02:00,-122.43341966509199,37.7683076620028
2011-06-04 03:16:00,-122.382852175823,37.7256943991515
2011-06-04 00:41:00,-122.37934537972001,37.73574190685721
2011-06-03 16:19:00,-122.387247607197,37.7208692407802
2011-05-19 14:08:00,-122.40340479147899,37.775420706711
2011-05-07 00:37:00,-122.45000773418,37.7392685680033
2011-05-05 23:40:00,-122.455191970394,37.7209593589555
2011-05-03 04:57:00,-122.37936655428899,37.73427869154129
2011-05-02 23:25:00,-122.466758005159,37.729184579603796
2011-04-22 00:30:00,-122.479465285418,37.769876432032106
2011-04-19 17:00:00,-122.40471617976101,37.7135457124599
2011-04-18 13:15:00,-122.40753977435699,37.79224917725779
2011-04-18 00:27:00,-122.402841680867,37.7450364333137
2011-04-10 16:00:00,-122.491956779206,37.7768766735218
2011-04-10 09:20:00,-122.502445754989,37.7577525400824
2011-04-10 04:27:00,-122.39985284031201,37.7381735692778
2011-04-08 13:23:00,-122.40953666269199,37.78269112134721
2011-04-07 12:20:00,-122.410774214375,37.8084350175869
2011-04-05 15:12:00,-122.424656302023,37.8027754871782
2011-04-05 12:00:00,-122.491956779206,37.7768766735218
2011-04-04 19:30:00,-122.436317943981,37.7279249997202
2011-03-25 23:30:00,-122.480450749459,37.7190118676786
2011-03-25 23:00:00,-122.41653546307501,37.7660406107786
2011-03-11 23:00:00,-122.429080297019,37.7681979747465
2011-03-11 20:34:00,-122.38903922307199,37.7151390330171
2011-03-11 04:25:00,-122.421734189838,37.7882961275539
2011-03-10 16:49:00,-122.41009948112699,37.748427364539104
2011-02-10 15:00:00,-122.421542407955,37.7873481804938
2011-02-10 13:03:00,-122.401191922623,37.7616428225519
2011-02-10 13:03:00,-122.401191922623,37.7616428225519
2011-02-10 02:06:00,-122.47293744666901,37.7122522752262
2011-02-09 15:00:00,-122.48130501918399,37.747461318190496
2011-02-08 23:52:00,-122.411141948101,37.7850736197499
2011-02-08 21:50:00,-122.413777740935,37.7500922132283
2011-02-08 02:01:00,-122.46417372944299,37.7641301468372
2011-02-07 01:30:00,-122.415885065788,37.783516056415294
2011-02-07 00:01:00,-122.42512154361602,37.7878477462136
2011-01-30 02:00:00,-122.41641961495,37.754756833276794
2011-01-29 15:00:00,-122.46393260639,37.769840041112396
2011-01-29 12:15:00,-122.380268162997,37.7289171340996
2011-01-27 20:30:00,-122.384088266199,37.7196684684616
2011-01-25 00:05:00,-122.41931732407,37.7879136979106
2011-01-15 04:43:00,-122.38679414899201,37.7213396556221
2011-01-15 04:27:00,-122.428249599273,37.7780677663985
2011-01-14 20:50:00,-122.392861732871,37.720844254485
2011-01-13 07:36:00,-122.443009986764,37.7218704825421
2011-01-11 21:15:00,-122.411742515582,37.7858882195106
2011-01-11 18:16:00,-122.45458258634,37.7181829809
2010-12-19 06:30:00,-122.391735595633,37.7220943663259
2010-12-15 13:15:00,-122.38597316349701,37.7491479018283
2010-12-05 10:18:00,-122.414406294791,37.7752362231466
2010-12-04 04:23:00,-122.387153625351,37.7271911468699
2010-11-21 23:48:00,-122.476943627588,37.7336184231166
2010-11-20 00:33:00,-122.437982322195,37.73624116495721
2010-11-19 01:00:00,-122.483116523047,37.773537051268704
2010-11-17 19:30:00,-122.42488784778999,37.768032836315
2010-11-17 00:20:00,-122.411572788477,37.7597252282091
2010-11-17 00:20:00,-122.411572788477,37.7597252282091
2010-11-16 22:22:00,-122.40851019566999,37.7197777779827
2010-11-16 02:10:00,-122.423548336777,37.72682302194129
2010-11-07 02:24:00,-122.406625193766,37.7340734464505
2010-11-04 03:54:00,-122.423304635548,37.72266944630029
2010-10-24 04:50:00,-122.41094280379299,37.718958445599
2010-10-22 18:00:00,-122.380038472812,37.7273299979438
2010-10-21 19:20:00,-122.414743835382,37.778719262789004
2010-10-20 21:33:00,-122.40340479147899,37.775420706711
2010-10-19 03:41:00,-122.435563016294,37.760801062884
2010-10-19 01:15:00,-122.39384397290002,37.7953080071145
2010-10-09 22:09:00,-122.484852300285,37.716703424112
2010-10-06 20:13:00,-122.389247520149,37.71687590372579
2010-10-04 20:04:00,-122.390507422259,37.73137596298579
2010-09-26 20:00:00,-122.390952930587,37.7386625599684
2010-09-26 07:12:00,-122.396737854085,37.7208617526003
2010-09-26 00:30:00,-122.41465041992599,37.7750196452844
2010-09-25 16:36:00,-122.40340479147899,37.775420706711
2010-09-25 16:00:00,-122.410364149927,37.755121669533104
2010-09-12 22:19:00,-122.381757562453,37.7310148735637
2010-09-09 23:22:00,-122.388139317244,37.718235637361495
2010-09-07 21:30:00,-122.386829203918,37.74010586456821
2010-09-06 00:11:00,-122.419748993977,37.76186726489721
2010-08-29 04:05:00,-122.39748691567101,37.752197092814
2010-08-27 07:00:00,-122.403286579807,37.7982414067113
2010-08-27 00:15:00,-122.38891821200599,37.7636669731603
2010-08-27 00:13:00,-122.38152848338301,37.7268348144864
2010-08-15 12:17:00,-122.385928988224,37.7254194674264
2010-08-15 00:10:00,-122.40509433812001,37.7789940710712
2010-08-12 05:42:00,-122.435682711765,37.7275173689962
2010-08-12 05:42:00,-122.433998219387,37.72763700360071
2010-08-11 22:16:00,-122.40115237098101,37.738362825899294
2010-08-10 12:40:00,-122.428840433603,37.780972734343706
2010-08-10 02:20:00,-122.386178373766,37.739322006639206
2010-08-01 22:49:00,-122.39253466611099,37.779613996452
2010-07-29 04:00:00,-122.393460953167,37.7794975702131
2010-07-18 18:00:00,-122.463620567059,37.71892835679071
2010-07-18 04:36:00,-122.385037526317,37.7542885971708
2010-07-14 16:35:00,-122.464812286077,37.773489338522
2010-07-12 07:29:00,-122.395152879301,37.7387395585935
2010-07-04 05:50:00,-122.423628041297,37.70880618460679
2010-06-30 03:50:00,-122.41510235878401,37.768623343813296
2010-06-29 07:00:00,-122.397091759801,37.7900661929348
2010-06-28 04:30:00,-122.461424508784,37.716636765559
2010-06-18 00:01:00,-122.42076293644699,37.7650403422958
2010-06-17 21:42:00,-122.48459334028999,37.7791138218919
2010-06-17 20:30:00,-122.390230818533,37.7269112408441
2010-06-16 02:22:00,-122.380990356551,37.7331435009212
2010-06-15 03:00:00,-122.392403037071,37.7244986965379
2010-06-05 02:44:00,-122.435575820196,37.784892281882
2010-06-01 02:30:00,-122.41097091317499,37.7534747396472
2010-05-23 22:30:00,-122.421934733603,37.79642303725221
2010-05-22 13:37:00,-122.41014600540001,37.797185727628396
2010-05-22 03:43:00,-122.41824964748,37.7872715205959
2010-05-21 21:20:00,-122.43040601976699,37.7182881551417
2010-05-21 15:00:00,-122.396740069313,37.734115411660206
2010-05-18 18:45:00,-122.386812776307,37.7528899958678
2010-05-18 05:00:00,-122.420332099593,37.7762075768262
2010-05-18 05:00:00,-122.420332099593,37.7762075768262
2010-05-17 22:43:00,-122.41342364155099,37.7723431393714
2010-05-17 11:45:00,-122.40340479147899,37.775420706711
2010-05-08 15:25:00,-122.40340479147899,37.775420706711
2010-05-07 07:00:00,-122.41747701285,37.764357751686
2010-05-04 10:39:00,-122.40738717209801,37.7810688918781
2010-05-04 04:34:00,-122.38013384712099,37.7312962281442
2010-05-03 23:53:00,-122.38640086995301,37.738983491072
2010-05-03 11:25:00,-122.412457953057,37.7147347356846
2010-05-03 03:55:00,-122.37389438953501,37.7309368356017
2010-04-23 23:29:00,-122.40120301964701,37.710302459627
2010-04-22 15:20:00,-122.40738717209801,37.7810688918781
2010-04-20 02:23:00,-122.40340479147899,37.775420706711
2010-04-19 14:30:00,-122.420264022269,37.753791169267004
2010-04-19 02:29:00,-122.40989282029,37.7801134973164
2010-04-11 22:18:00,-122.389406961176,37.7246885414324
2010-04-10 14:42:00,-122.38619716049101,37.72988084830449
2010-04-10 11:00:00,-122.40989282029,37.7801134973164
2010-04-06 20:00:00,-122.412969489288,37.7839407423872
2010-03-27 01:52:00,-122.38972224697399,37.7636150076929
2010-03-26 13:16:00,-122.373456171525,37.7296796672727
2010-03-14 21:30:00,-122.422113767009,37.728905059874
2010-03-14 01:05:00,-122.401689976899,37.7144291854658
2010-03-13 03:36:00,-122.396421943768,37.7941447423704
2010-03-12 17:00:00,-122.458639957524,37.7780063857349
2010-02-25 14:29:00,-122.41967661615,37.7658510977435
2010-02-25 05:40:00,-122.40515072935,37.7817509861584
2010-02-25 05:38:00,-122.402842748428,37.7798294192767
2010-02-14 16:24:00,-122.383440897994,37.7156328950599
2010-02-09 22:19:00,-122.438098378037,37.7806388583762
2010-01-28 20:25:00,-122.42865125215799,37.7800402061663
2010-01-28 08:05:00,-122.41157423092699,37.7616166397327
2010-01-27 01:15:00,-122.46620466789301,37.7725405391593
2010-01-15 01:00:00,-122.48354914799499,37.7642044083861
2010-01-14 18:40:00,-122.451163989719,37.7455640062989
2010-01-11 16:38:00,-122.47051218611601,37.7470179441251
2010-01-11 01:59:00,-122.421733767763,37.7632996945938
2009-12-26 10:01:00,-122.39568538959101,37.757041031858286
2009-12-23 18:40:00,-122.44857848496599,37.769797716883104
2009-12-22 23:00:00,-122.46883870917601,37.7151954280475
2009-12-21 22:15:00,-122.446477321499,37.7892124372321
2009-12-12 03:22:00,-122.43291834031099,37.7717365330369
2009-12-08 18:29:00,-122.40340479147899,37.775420706711
2009-11-29 19:35:00,-122.382542136125,37.7386155130251
2009-11-28 21:00:00,-122.407745685863,37.7568873539955
2009-11-26 02:25:00,-122.446780341512,37.765402106119396
2009-11-26 02:22:00,-122.448129494514,37.7679265590444
2009-11-24 21:30:00,-122.457586282765,37.7149728603848
2009-11-23 22:03:00,-122.38923573923701,37.721754773399894
2009-11-15 03:07:00,-122.417672923626,37.7881242734432
2009-11-13 21:54:00,-122.39410262452499,37.7763827130285
2009-10-29 20:45:00,-122.415436031905,37.784585134714
2009-10-29 01:45:00,-122.400268422092,37.73971662750439
2009-10-26 10:30:00,-122.453725754435,37.7442209162424
2009-10-17 20:00:00,-122.41581006577499,37.7918536596793
2009-10-16 06:02:00,-122.403787404178,37.7366189386059
2009-10-02 02:40:00,-122.38655575027,37.741950423835796
2009-10-01 18:45:00,-122.38539004459899,37.742659782963
2009-09-30 17:00:00,-122.422431723545,37.794974567141
2009-09-29 15:40:00,-122.43520939175899,37.7511723136128
2009-09-20 14:50:00,-122.387833652325,37.7131072321423
2009-09-20 04:49:00,-122.388131624111,37.7162991794211
2009-09-19 08:51:00,-122.41764134265301,37.787173525007894
2009-09-19 06:45:00,-122.38777500251499,37.7204658651293
2009-09-19 00:56:00,-122.44555583456601,37.7716104916829
2009-09-14 00:45:00,-122.43157921251499,37.7262214019626
2009-09-06 14:00:00,-122.483662388761,37.78109449443539
2009-09-04 12:55:00,-122.400334531782,37.73253843351821
2009-09-04 03:00:00,-122.41223801741998,37.802983078398704
2009-09-02 21:30:00,-122.42586404606199,37.7662536102334
2009-09-02 14:00:00,-122.419941636264,37.8077487904473
2009-08-31 15:23:00,-122.434558974708,37.7924709856169
2009-08-22 10:00:00,-122.42019129511999,37.783870392089796
2009-08-22 10:00:00,-122.42019129511999,37.783870392089796
2009-08-20 17:20:00,-122.396779750105,37.7179655981082
2009-08-20 07:12:00,-122.464147081977,37.7790877048755
2009-08-20 03:14:00,-122.480174664156,37.7764956640759
2009-08-18 17:10:00,-122.477237626959,37.7794507243979
2009-08-18 16:15:00,-122.499730303616,37.7794014842533
2009-08-18 06:14:00,-122.49437940087401,37.7796487039129
2009-08-17 11:50:00,-122.40340479147899,37.775420706711
2009-07-26 04:00:00,-122.421096796936,37.7842937802977
2009-07-25 23:37:00,-122.423499800813,37.78780635913
2009-07-25 02:00:00,-122.399370508543,37.7932284304797
2009-07-25 00:15:00,-122.42239642406,37.7864543795731
2009-07-24 06:14:00,-122.419234828542,37.7727271128213
2009-07-24 05:45:00,-122.421011927709,37.7838226942199
2009-07-24 03:15:00,-122.423304635548,37.72266944630029
2009-07-23 20:30:00,-122.421011927709,37.7838226942199
2009-07-23 06:43:00,-122.422215377725,37.7855278107726
2009-07-22 14:00:00,-122.48995333229799,37.7788663496622
2009-07-22 05:15:00,-122.40234658611601,37.789003338213895
2009-07-21 02:53:00,-122.44626433348499,37.784903421960394
2009-07-11 12:44:00,-122.41714480239901,37.7121502932531
2009-06-28 06:49:00,-122.41714480239901,37.7121502932531
2009-06-28 05:30:00,-122.40340479147899,37.775420706711
2009-06-25 03:45:00,-122.46296413290301,37.7849356789103
2009-06-24 19:18:00,-122.451163989719,37.7455640062989
2009-06-12 02:06:00,-122.375605171962,37.730721521570295
2009-06-09 23:19:00,-122.39036028160999,37.7205064590363
2009-06-09 17:34:00,-122.39458113080099,37.78469122927221
2009-05-31 02:30:00,-122.43533765398001,37.736250314821
2009-05-30 03:08:00,-122.37826801848101,37.7323807302226
2009-05-29 18:00:00,-122.378392257534,37.732331246437795
2009-05-25 11:30:00,-122.416000227907,37.7119155437754
2009-05-17 01:49:00,-122.448739865726,37.7702466927234
2009-05-15 19:30:00,-122.414406294791,37.7752362231466
2009-05-14 20:24:00,-122.40340479147899,37.775420706711
2009-05-13 00:24:00,-122.43467133781701,37.7249572971123
2009-05-12 19:00:00,-122.446234261409,37.7662094878819
2009-05-11 15:03:00,-122.44330625937401,37.717793638863604
2009-05-11 05:00:00,-122.395612677231,37.7380557826258
2009-05-11 04:29:00,-122.405469196315,37.7938704980849
2009-05-11 01:00:00,-122.392627218053,37.7316182572491
2009-04-30 22:00:00,-122.394459568163,37.792144044552
2009-04-30 07:00:00,-122.44367607740101,37.770909822848
2009-04-29 20:45:00,-122.397412916392,37.7911152838445
2009-04-29 18:07:00,-122.418828569913,37.7855916113226
2009-04-16 02:53:00,-122.44691693983201,37.76538453362861
2009-04-16 02:53:00,-122.44798678789101,37.7665307249018
2009-04-13 00:57:00,-122.395970616699,37.7439242542019
2009-04-04 03:05:00,-122.39086617256201,37.7372499015533
2009-04-01 14:54:00,-122.40050441968,37.78745132896621
2009-04-01 12:27:00,-122.42412350881,37.80336133563621
2009-03-31 02:05:00,-122.426833588598,37.716879069607
2009-03-30 00:36:00,-122.407975093043,37.780309908281396
2009-03-30 00:33:00,-122.38903922307199,37.7151390330171
2009-03-22 17:57:00,-122.40401339245399,37.788904767871706
2009-03-20 05:00:00,-122.409129633669,37.7838066631424
2009-03-19 02:49:00,-122.446726440841,37.7632137032178
2009-03-19 02:49:00,-122.446837820235,37.7622550270122
2009-03-18 04:38:00,-122.380382266471,37.7353538209895
2009-03-17 21:33:00,-122.38905421324301,37.723484073117
2009-03-06 17:14:00,-122.428644398557,37.7799870005236
2009-03-05 06:04:00,-122.40340479147899,37.775420706711
2009-03-04 05:39:00,-122.44691693983201,37.76538453362861
2009-02-22 19:15:00,-122.39299870281799,37.7822551330244
2009-02-19 21:24:00,-122.413609328985,37.784696907904
2009-02-17 23:53:00,-122.40353768137301,37.764067865158786
2009-02-08 18:40:00,-122.415719716089,37.803497603831204
2009-02-06 09:00:00,-122.391178496581,37.7577699479275
2009-02-05 00:31:00,-122.410999684769,37.7283041125654
2009-02-04 17:30:00,-122.406725329529,37.7585641691709
2009-02-03 23:16:00,-122.41685551018499,37.7886617324098
2009-02-03 23:00:00,-122.499498797521,37.7597537080445
2009-01-22 13:03:00,-122.441146704191,37.806049885152795
2009-01-21 17:00:00,-122.46451970107401,37.718824586123
2009-01-21 03:17:00,-122.481180963255,37.7446799417931
2009-01-19 23:45:00,-122.441155369375,37.791629148973605
2009-01-10 20:10:00,-122.499318733675,37.7727970777258
2009-01-09 12:10:00,-122.42862929151501,37.779931744212
2009-01-09 04:42:00,-122.426473957204,37.798291291683995
2009-01-08 13:13:00,-122.41132836931101,37.785996305047604
2009-01-07 02:25:00,-122.39313357101999,37.7524596896067
2009-01-06 06:26:00,-122.430794211054,37.75155749992229
2009-01-05 18:00:00,-122.416773563916,37.7911165972854
2008-12-28 02:50:00,-122.381014086921,37.72735297348621
2008-12-27 02:58:00,-122.38719917859899,37.7561077526854
2008-12-24 20:10:00,-122.385215479529,37.7382444962471
2008-12-23 00:47:00,-122.414216512721,37.8002882875133
2008-12-22 23:59:00,-122.491956779206,37.7768766735218
2008-12-13 21:30:00,-122.42946197925899,37.71894269549521
2008-12-13 20:55:00,-122.424716375946,37.794183791995
2008-12-12 06:30:00,-122.43981572225701,37.7975503025544
2008-11-30 04:48:00,-122.372571530798,37.73230293783379
2008-11-30 00:12:00,-122.420066454419,37.799972485842794
2008-11-29 13:30:00,-122.41056870533899,37.747829056254794
2008-11-28 02:44:00,-122.42116562401002,37.7970565427155
2008-11-27 19:15:00,-122.426623405863,37.7541413014419
2008-11-25 20:00:00,-122.440348065795,37.7917890969726
2008-11-16 19:18:00,-122.378392257534,37.732331246437795
2008-11-16 00:05:00,-122.380833215509,37.730939600294796
2008-11-14 20:45:00,-122.4208910342,37.7120920675614
2008-11-13 22:47:00,-122.41569918946699,37.8033889645287
2008-11-11 18:10:00,-122.392286120439,37.7229390030954
2008-11-02 06:30:00,-122.413631253258,37.7848053746211
2008-10-19 23:12:00,-122.439381460078,37.7618077342104
2008-10-15 07:34:00,-122.435015533775,37.7135702444117
2008-10-15 00:01:00,-122.407556369323,37.7266003621804
2008-10-05 14:51:00,-122.416261836834,37.78537508463761
2008-10-04 22:20:00,-122.490403319126,37.752671652706105
2008-10-01 16:45:00,-122.40340479147899,37.775420706711
2008-10-01 01:00:00,-122.41454365666,37.7151843660069
2008-09-30 11:15:00,-122.428967556252,37.7208194144752
2008-09-30 06:32:00,-122.50214872850901,37.7755496261634
2008-09-21 02:14:00,-122.38716770759,37.7318594482631
2008-09-20 19:00:00,-122.443857189176,37.7922450275779
2008-09-20 14:58:00,-122.420552263555,37.7625908211558
2008-09-20 13:40:00,-122.415308388816,37.765316135635
2008-09-20 13:40:00,-122.415308388816,37.765316135635
2008-09-20 12:50:00,-122.408011336061,37.7692444493655
2008-09-20 09:30:00,-122.410932750782,37.769411384942
2008-09-19 16:23:00,-122.416720982004,37.7571677817188
2008-09-18 03:35:00,-122.50487601746201,37.75293252450071
2008-09-18 03:35:00,-122.50487601746201,37.75293252450071
2008-09-17 00:12:00,-122.39912445211,37.7405288910442
2008-09-15 00:01:00,-122.419894322898,37.797115158267495
2008-08-24 00:01:00,-122.408147060581,37.79318060571929
2008-08-23 05:55:00,-122.41648773100401,37.802879824544
2008-08-23 02:00:00,-122.41965834371,37.7642205603745
2008-08-22 04:30:00,-122.40894494838301,37.793872142778
2008-08-18 17:00:00,-122.38513509507601,37.7383338978754
2008-08-18 08:30:00,-122.427185970814,37.793464559918796
2008-08-07 16:45:00,-122.398234883137,37.7650972868419
2008-08-05 18:05:00,-122.430703168131,37.8025320753619
2008-08-05 02:54:00,-122.382852175823,37.7256943991515
2008-07-25 22:44:00,-122.391588816975,37.7796910137658
2008-07-24 01:08:00,-122.376984074382,37.7340751122677
2008-07-13 11:26:00,-122.41198764359501,37.7850226622786
2008-07-11 08:30:00,-122.445893581212,37.7801242878056
2008-07-10 23:19:00,-122.37551296863501,37.730806609582
2008-07-10 22:00:00,-122.41694087461501,37.792852383267004
2008-07-10 20:56:00,-122.397490733097,37.720467659541
2008-07-10 16:30:00,-122.41172997739599,37.7099118138546
2008-07-10 03:00:00,-122.469628050956,37.78171999692911
2008-07-07 04:43:00,-122.43422900395299,37.763485013784596
2008-06-29 04:28:00,-122.42638445080601,37.764643937262
2008-06-29 01:45:00,-122.39184614948601,37.753863259580605
2008-06-28 00:45:00,-122.41708535742399,37.7852153590471
2008-06-24 02:00:00,-122.43330517410801,37.794972587282096
2008-06-23 21:10:00,-122.402701071833,37.7463358668696
2008-06-15 09:45:00,-122.390234287293,37.7894032659904
2008-06-15 02:30:00,-122.498340152127,37.7363856297823
2008-06-15 02:16:00,-122.38903922307199,37.7151390330171
2008-06-14 19:00:00,-122.423304635548,37.72266944630029
2008-06-14 02:00:00,-122.394816331723,37.7549810898672
2008-06-12 20:53:00,-122.42145406330401,37.7717145205274
2008-06-01 18:08:00,-122.46620466789301,37.7725405391593
2008-06-01 00:05:00,-122.390301651188,37.737879898414796
2008-05-27 17:30:00,-122.394434280881,37.7813440864506
2008-05-27 16:00:00,-122.39448088128,37.760763088164396
2008-05-26 19:44:00,-122.40357439523198,37.7235942995166
2008-05-26 02:00:00,-122.44860323405001,37.7702641424521
2008-05-15 15:25:00,-122.46620466789301,37.7725405391593
2008-05-14 21:25:00,-122.40087951444099,37.7674890283426
2008-05-13 17:00:00,-122.39998111123998,37.7776242389287
2008-05-13 00:15:00,-122.40577312059798,37.7733935593284
2008-05-12 15:15:00,-122.39998111123998,37.7776242389287
2008-05-04 23:10:00,-122.395612677231,37.7380557826258
2008-05-04 20:30:00,-122.387181635995,37.7209669615499
2008-05-02 21:05:00,-122.48231890404399,37.775446151841
2008-05-01 10:35:00,-122.41823697502501,37.7731900601284
2008-05-01 05:00:00,-122.435562144937,37.7931857580732
2008-04-29 17:52:00,-122.40340479147899,37.775420706711
2008-04-29 07:40:00,-122.375605171962,37.730721521570295
2008-04-18 22:42:00,-122.382852175823,37.7256943991515
2008-04-17 23:50:00,-122.451236373142,37.770359801981705
2008-04-16 18:00:00,-122.390713923618,37.717724598154994
2008-04-16 16:15:00,-122.446143672039,37.7700527182372
2008-04-15 23:00:00,-122.41604728066002,37.7839824654149
2008-04-15 14:45:00,-122.412457953057,37.7147347356846
2008-04-05 05:34:00,-122.414615262229,37.784689282473
2008-04-05 00:26:00,-122.49206801733999,37.714361549875605
2008-04-02 21:30:00,-122.461210550383,37.7830866899279
2008-03-23 13:30:00,-122.413980520967,37.7755687325824
2008-03-23 01:45:00,-122.44781718568899,37.719229458451295
2008-03-22 14:00:00,-122.483937764676,37.782982859148795
2008-03-21 01:15:00,-122.40340479147899,37.775420706711
2008-03-20 04:10:00,-122.42781558293301,37.7844480895156
2008-03-20 00:45:00,-122.39070551602501,37.734368010663
2008-03-19 20:30:00,-122.445470487829,37.7506825120195
2008-03-19 04:00:00,-122.375989158092,37.7301576924252
2008-03-18 20:46:00,-122.38820179425,37.7618506557786
2008-03-18 02:00:00,-122.464141682663,37.7800393578965
2008-03-17 19:25:00,-122.392859290723,37.7873303376165
2008-03-08 21:44:00,-122.40480204098499,37.7224635261289
2008-03-08 16:20:00,-122.40833337913,37.7536331088001
2008-03-07 14:00:00,-122.43632820238399,37.8017515400431
2008-03-07 03:25:00,-122.43343236465799,37.7121114012983
2008-03-06 15:45:00,-122.43295944415199,37.8012351482991
2008-03-06 01:30:00,-122.40831078023199,37.7203514651097
2008-03-05 06:40:00,-122.41912629534201,37.7869849580362
2008-03-04 10:00:00,-122.401699411207,37.7806522894696
2008-03-04 04:10:00,-122.426955631709,37.769247063207004
2008-03-03 03:55:00,-122.47287586133899,37.713317784448
2008-02-24 18:18:00,-122.413609328985,37.784696907904
2008-02-22 20:43:00,-122.411281399822,37.7898978570344
2008-02-09 08:50:00,-122.40487869079901,37.7685314732448
2008-02-05 20:00:00,-122.50150216082399,37.759665814436296
2008-02-05 08:00:00,-122.416773563916,37.7911165972854
2008-02-04 03:04:00,-122.40340479147899,37.775420706711
2008-01-23 22:35:00,-122.395612677231,37.7380557826258
2008-01-13 20:47:00,-122.388923737371,37.72522533042871
2008-01-11 03:00:00,-122.45181851562,37.7091542140065
2008-01-10 14:30:00,-122.432412156616,37.7257229240122
2008-01-09 09:45:00,-122.44827840533002,37.804271887891005
2008-01-08 12:30:00,-122.497242493708,37.7513958957007
2008-01-08 09:00:00,-122.508160181225,37.778037926223796
2008-01-07 19:20:00,-122.49194936479401,37.7144179707516
2008-01-07 17:30:00,-122.46789869896901,37.786532532197214
2007-12-29 01:36:00,-122.384402602201,37.75297493636421
2007-12-24 14:00:00,-122.438557871099,37.7868585831259
2007-12-11 04:15:00,-122.41912629534201,37.7869849580362
2007-12-11 01:25:00,-122.463227244988,37.7585613680063
2007-12-10 03:15:00,-122.381605211192,37.7096901356348
2007-12-02 05:40:00,-122.40738717209801,37.7810688918781
2007-12-01 17:00:00,-122.38486642640899,37.7349453624632
2007-11-30 03:53:00,-122.428909214799,37.7260405310835
2007-11-18 13:00:00,-122.417634160005,37.787063186215
2007-11-18 07:33:00,-122.407376463936,37.7799892619986
2007-11-18 02:30:00,-122.422264377356,37.760839414199296
2007-11-13 18:50:00,-122.412651894354,37.7795131668888
2007-11-13 15:31:00,-122.427620930727,37.7190833085485
2007-11-12 12:36:00,-122.403793259489,37.7823235897616
2007-11-04 22:17:00,-122.394556626488,37.7099705488971
2007-11-03 23:49:00,-122.475974135096,37.7191383611983
2007-11-03 16:00:00,-122.454019795696,37.7191063131951
2007-11-03 11:15:00,-122.41796448376002,37.7586968166489
2007-11-01 10:00:00,-122.407376438306,37.779489776176
2007-10-30 04:43:00,-122.37389438953501,37.7309368356017
2007-10-21 04:23:00,-122.38903922307199,37.7151390330171
2007-10-20 12:00:00,-122.414478355643,37.7420081468257
2007-10-20 10:03:00,-122.408466556173,37.7807008318778
2007-10-18 04:49:00,-122.41714480239901,37.7121502932531
2007-10-07 19:31:00,-122.40535937175301,37.7859774761625
2007-10-05 22:00:00,-122.40086097434799,37.7115119380844
2007-10-04 23:07:00,-122.412504533512,37.7127250179716
2007-10-04 03:24:00,-122.395612677231,37.7380557826258
2007-10-03 11:30:00,-122.470359608661,37.7460753397163
2007-10-02 13:00:00,-122.435627378155,37.767327345288294
2007-09-22 17:00:00,-122.483474364732,37.7389153674901
2007-09-22 04:15:00,-122.428511566208,37.75200680071
2007-09-20 19:00:00,-122.418546858015,37.7675401219176
2007-09-20 11:30:00,-122.405933099548,37.7881841508921
2007-09-20 11:30:00,-122.405933099548,37.7881841508921
2007-09-19 14:00:00,-122.411607253459,37.8044472417935
2007-09-19 05:30:00,-122.396716088144,37.754859882842496
2007-09-18 03:34:00,-122.432088629593,37.78714008869839
2007-09-18 02:05:00,-122.440731807636,37.7851939209085
2007-09-09 19:33:00,-122.41867937434999,37.711332789313005
2007-09-06 17:30:00,-122.412698359147,37.8053109379125
2007-09-06 02:11:00,-122.384088266199,37.7196684684616
2007-09-05 05:21:00,-122.387694587441,37.7205552398712
2007-08-24 15:30:00,-122.40361225674101,37.7340216173286
2007-08-24 08:49:00,-122.375989158092,37.7301576924252
2007-08-23 11:23:00,-122.378920771859,37.7286119710993
2007-08-23 05:28:00,-122.43570998312401,37.7443688410754
2007-08-22 16:30:00,-122.37826801848101,37.7323807302226
2007-08-21 21:30:00,-122.414368110368,37.7884368260567
2007-08-11 19:00:00,-122.405467934272,37.781924110513
2007-08-10 02:00:00,-122.44255355819901,37.7942229567459
2007-08-08 13:17:00,-122.48784126308901,37.7621382641819
2007-07-26 03:59:00,-122.407548281297,37.7987908964449
2007-07-23 15:20:00,-122.412998370351,37.718686647895495
2007-07-23 04:20:00,-122.479241431478,37.779356245781706
2007-07-23 03:25:00,-122.398182124025,37.7690432950377
2007-07-14 23:25:00,-122.39313102239201,37.7362497231109
2007-07-13 22:00:00,-122.42055675144199,37.7108945814914
2007-07-12 04:20:00,-122.40878366302799,37.798099861687795
2007-07-12 04:14:00,-122.421319145498,37.7894600151705
2007-07-11 04:00:00,-122.42055675144199,37.7108945814914
2007-07-10 19:08:00,-122.387181635995,37.7209669615499
2007-06-30 18:43:00,-122.395106891925,37.7566305834521
2007-06-30 04:05:00,-122.398951090192,37.7338473162583
2007-06-27 04:05:00,-122.381195151131,37.738409940572296
2007-06-16 20:13:00,-122.415464220212,37.7548143096921
2007-06-16 16:20:00,-122.415464220212,37.7548143096921
2007-06-15 00:30:00,-122.40340479147899,37.775420706711
2007-06-12 12:10:00,-122.404277568186,37.7879185264229
2007-06-12 00:10:00,-122.40793435140301,37.7194433534269
2007-06-11 07:33:00,-122.410979175673,37.784625434984
2007-06-11 00:47:00,-122.461332948749,37.726180807332
2007-06-02 23:53:00,-122.390594707019,37.736703393910396
2007-06-02 01:11:00,-122.389440639195,37.715558495062496
2007-06-01 20:00:00,-122.42365634294501,37.7325564882065
2007-05-29 19:30:00,-122.42824524231199,37.7820044139073
2007-05-19 16:00:00,-122.395635436168,37.7535645746594
2007-05-19 05:30:00,-122.378991849151,37.73453622329961
2007-05-18 19:00:00,-122.38772937365499,37.731232393892704
2007-05-18 13:20:00,-122.365565425353,37.8096707013239
2007-05-17 07:55:00,-122.41201048788,37.7877770164282
2007-05-17 06:00:00,-122.405087523335,37.7981219270604
2007-05-16 03:18:00,-122.412619862692,37.754250991938704
2007-05-15 23:19:00,-122.420136159979,37.7875096258655
2007-05-15 18:00:00,-122.428118208377,37.7980822262225
2007-05-06 02:54:00,-122.484731728932,37.780091707804
2007-05-05 23:10:00,-122.406725329529,37.7585641691709
2007-05-05 08:05:00,-122.40340479147899,37.775420706711
2007-05-04 07:15:00,-122.418045452768,37.7775118895695
2007-05-02 00:09:00,-122.38494235246401,37.740531088365394
2007-05-01 12:00:00,-122.43632820238399,37.8017515400431
2007-04-20 14:30:00,-122.443009986764,37.7218704825421
2007-04-20 12:20:00,-122.443009986764,37.7218704825421
2007-04-19 15:19:00,-122.402163713618,37.7895710255863
2007-04-18 21:35:00,-122.402841680867,37.7450364333137
2007-04-18 03:10:00,-122.391953693156,37.7323737374027
2007-04-17 21:30:00,-122.421962957931,37.796898966685
2007-04-16 23:20:00,-122.417107986993,37.7122561827524
2007-04-04 17:30:00,-122.46811749981501,37.7389000144845
2007-03-23 21:21:00,-122.388499251587,37.72410004055121
2007-03-19 22:00:00,-122.409031365184,37.7372455014068
2007-03-19 17:00:00,-122.42161537533701,37.7742412631485
2007-03-11 10:00:00,-122.412999075009,37.786277459166
2007-03-10 23:50:00,-122.37408451118601,37.73075162521121
2007-03-06 21:00:00,-122.416446124049,37.7329162539537
2007-03-05 23:45:00,-122.48980474775601,37.7708917848042
2007-03-05 12:05:00,-122.38235538638399,37.72770030557661
2007-02-23 19:30:00,-122.401346102915,37.752647043176395
2007-02-21 01:00:00,-122.376900658814,37.72948746365589
2007-02-09 08:25:00,-122.458857560736,37.78220007231379
2007-02-08 00:04:00,-122.423304635548,37.72266944630029
2007-02-05 14:30:00,-122.497242493708,37.7513958957007
2007-01-28 19:00:00,-122.41724148103701,37.7338561150951
2007-01-23 17:00:00,-122.397736262234,37.7598828513609
2007-01-14 13:00:00,-122.38777500251499,37.7204658651293
2007-01-12 10:25:00,-122.49754745795299,37.73135581086311
2007-01-09 08:43:00,-122.39006935368299,37.7354614642023
2007-01-09 06:30:00,-122.372202831457,37.728381194358704
2006-12-29 01:30:00,-122.439935255904,37.734856372665604
2006-12-17 21:00:00,-122.40340479147899,37.775420706711
2006-12-16 23:28:00,-122.386812776307,37.7528899958678
2006-12-16 21:00:00,-122.447728292145,37.729022854072
2006-12-15 21:29:00,-122.376984074382,37.7340751122677
2006-12-13 22:20:00,-122.41877047993601,37.7107332124
2006-12-03 01:45:00,-122.391434800433,37.7381270935013
2006-12-02 15:00:00,-122.417678812123,37.7107672954351
2006-12-01 05:45:00,-122.412620258006,37.7770259271797
2006-11-28 19:45:00,-122.42795148216601,37.7739135802819
2006-11-15 01:42:00,-122.441744274102,37.779865364562795
2006-11-05 07:55:00,-122.374397142153,37.819923463743
2006-11-01 12:25:00,-122.418992686625,37.7634081145034
2006-10-31 06:49:00,-122.40340479147899,37.775420706711
2006-10-22 17:34:00,-122.394722845179,37.72475609595
2006-10-22 06:29:00,-122.401277106946,37.742615401833504
2006-10-22 01:57:00,-122.40140439063299,37.7999951699934
2006-10-19 22:05:00,-122.45010291076099,37.7089456366141
2006-10-18 05:09:00,-122.385974831353,37.7542246703742
2006-10-17 12:45:00,-122.38219258397301,37.7298874272325
2006-10-07 18:00:00,-122.376140864857,37.7330836007771
2006-10-07 05:00:00,-122.39244744137599,37.746275498295
2006-10-06 06:24:00,-122.40340479147899,37.775420706711
2006-10-06 05:15:00,-122.377652484305,37.73307178406571
2006-10-06 02:58:00,-122.496810857029,37.7858595062715
2006-10-06 01:03:00,-122.378478857665,37.7384750481632
2006-10-03 01:46:00,-122.45353456066002,37.76916629780521
2006-10-02 15:19:00,-122.414705605518,37.7711178632173
2006-10-02 00:04:00,-122.384907106098,37.7368469604958
2006-09-24 03:00:00,-122.4208910342,37.7120920675614
2006-09-19 22:00:00,-122.411965795229,37.78491418595621
2006-09-10 19:00:00,-122.410220142966,37.8013225692058
2006-09-09 00:31:00,-122.409853729941,37.7833862379382
2006-09-05 19:10:00,-122.41379097278099,37.783836556534794
2006-09-05 04:00:00,-122.443603140785,37.736501778754004
2006-08-25 03:15:00,-122.44248125764099,37.760376636583096
2006-08-22 15:00:00,-122.40811239746,37.7777588128811
2006-08-12 14:30:00,-122.419085788323,37.7784353333225
2006-08-12 02:10:00,-122.43847077249399,37.7740065457726
2006-08-10 14:56:00,-122.413586887199,37.8013817875401
2006-08-08 05:11:00,-122.41261313475201,37.7109009555588
2006-08-07 16:20:00,-122.397038459444,37.7208752949205
2006-08-07 12:45:00,-122.398586934103,37.799989307750394
2006-07-30 15:35:00,-122.37389438953501,37.7309368356017
2006-07-25 00:52:00,-122.387572026287,37.7344513906583
2006-07-16 03:00:00,-122.397253629957,37.73946575514179
2006-07-14 20:55:00,-122.391269032991,37.7398531385192
2006-07-13 15:22:00,-122.376054792432,37.7300559760912
2006-07-10 23:30:00,-122.390096142663,37.751472538061
2006-07-01 03:30:00,-122.37970047248301,37.7276194684954
2006-06-18 20:28:00,-122.392068475598,37.7232956058641
2006-06-17 23:30:00,-122.465400905286,37.717034629025505
2006-06-14 00:15:00,-122.384926170333,37.7202785995095
2006-06-12 23:30:00,-122.43863744672899,37.7748288206275
2006-06-12 17:50:00,-122.479160707866,37.7475559158885
2006-06-02 15:45:00,-122.430865646169,37.7523473240976
2006-06-01 23:54:00,-122.40340479147899,37.775420706711
2006-05-31 13:00:00,-122.44352039096,37.7989993135254
2006-05-30 21:00:00,-122.449122960735,37.7697840925361
2006-05-30 02:36:00,-122.40967880677799,37.780978048463
2006-05-29 03:25:00,-122.48209426322501,37.7653286577597
2006-05-29 01:10:00,-122.46371072142999,37.733571664946396
2006-05-19 17:00:00,-122.40078457425699,37.723616775737
2006-05-19 12:00:00,-122.489538601712,37.772324696627
2006-05-18 09:45:00,-122.483145549312,37.7802894327275
2006-05-17 04:55:00,-122.38137862142901,37.72573851297071
2006-05-16 14:20:00,-122.44254961250499,37.7196199055896
2006-05-16 00:58:00,-122.38802580863,37.712763735962895
2006-05-15 20:26:00,-122.444161019223,37.7794418360873
2006-05-15 00:01:00,-122.417866751645,37.749002324161
2006-05-07 03:00:00,-122.471236193647,37.774079989997
2006-05-04 19:30:00,-122.450367154123,37.774406505059
2006-05-03 17:55:00,-122.418925978842,37.72634669320379
2006-05-03 04:15:00,-122.446285631005,37.7748707258015
2006-05-03 04:13:00,-122.410057925305,37.7519226008094
2006-05-01 00:20:00,-122.408978096975,37.7194765091831
2006-04-23 14:44:00,-122.38723479576099,37.7194008333885
2006-04-23 00:28:00,-122.394081040146,37.7211217845146
2006-04-23 00:22:00,-122.40223245422199,37.7984302773598
2006-04-22 17:09:00,-122.40525446302401,37.78925250405221
2006-04-19 06:00:00,-122.38841610822901,37.7191956969734
2006-04-17 22:10:00,-122.40647679163601,37.7392631632503
2006-04-07 14:05:00,-122.44857848496599,37.769797716883104
2006-04-07 01:51:00,-122.416517427405,37.7330103867416
2006-03-20 20:50:00,-122.39136369818199,37.7590483123458
2006-03-11 02:00:00,-122.38634297858499,37.7529726196511
2006-03-08 03:00:00,-122.416577792446,37.780614876154
2006-03-06 09:45:00,-122.417107986993,37.7122561827524
2006-02-26 13:30:00,-122.39831531485599,37.7181339755846
2006-02-26 06:00:00,-122.414370627495,37.7740418385041
2006-02-21 11:30:00,-122.39434785768,37.7499131969111
2006-02-12 22:48:00,-122.42516067222999,37.7713406311126
2006-02-12 19:22:00,-122.40340479147899,37.775420706711
2006-02-08 02:26:00,-122.402394847611,37.798906379479604
2006-01-29 21:02:00,-122.38144246566002,37.73058305167179
2006-01-29 11:15:00,-122.41205091003599,37.7892738896382
2006-01-24 17:28:00,-122.45756661137,37.7131276841881
2006-01-24 17:28:00,-122.45756661137,37.7131276841881
2006-01-14 06:03:00,-122.41965834371,37.7642205603745
2006-01-10 21:20:00,-122.418751252829,37.7851160049429
2006-01-09 12:15:00,-122.450345075177,37.774298058417
2006-01-01 04:30:00,-122.40496030164101,37.795326200325896
2005-12-31 19:26:00,-122.41159521643999,37.74943603928021
2005-12-16 19:35:00,-122.40340479147899,37.775420706711
2005-12-16 04:10:00,-122.435290173378,37.7630499982644
2005-12-13 22:00:00,-122.389461814676,37.7199285121568
2005-12-13 19:31:00,-122.38071578894699,37.729609631718795
2005-12-12 15:15:00,-122.452289660492,37.72569335757029
2005-12-12 02:10:00,-122.428482411308,37.725899817494
2005-12-04 23:15:00,-122.443597047511,37.7826435280939
2005-11-30 22:08:00,-122.477237626959,37.7794507243979
2005-11-30 20:15:00,-122.403860419019,37.77981372039329
2005-11-18 18:00:00,-122.390299429415,37.7487851770446
2005-11-18 10:00:00,-122.412052145525,37.7550201425447
2005-11-15 02:50:00,-122.477975897762,37.7160190677349
2005-11-05 05:22:00,-122.389728859275,37.7385160730646
2005-11-04 08:28:00,-122.449116002905,37.777321600666106
2005-11-02 14:46:00,-122.40716071773701,37.7821161321441
2005-11-02 01:44:00,-122.482614313605,37.7652086195031
2005-10-31 18:00:00,-122.476912582006,37.737328432436
2005-10-31 10:29:00,-122.430424955342,37.780716008476
2005-10-22 00:25:00,-122.386304220968,37.7349050342849
2005-10-21 23:10:00,-122.415088721046,37.7836719564372
2005-10-17 12:55:00,-122.467247854473,37.7630441175462
2005-10-05 15:45:00,-122.380382266471,37.7353538209895
2005-10-04 23:50:00,-122.385284373738,37.74024021798221
2005-10-04 19:50:00,-122.365565425353,37.8096707013239
2005-09-23 22:06:00,-122.395382931372,37.738405335176296
2005-09-19 18:20:00,-122.414544668569,37.757299297414704
2005-09-11 03:14:00,-122.412619862692,37.754250991938704
2005-09-10 03:20:00,-122.40340479147899,37.775420706711
2005-09-08 00:27:00,-122.40340479147899,37.775420706711
2005-08-28 21:10:00,-122.466880621762,37.7292354079524
2005-08-28 20:17:00,-122.418498371724,37.79682350194149
2005-08-27 23:59:00,-122.473644075533,37.7155536666978
2005-08-26 23:30:00,-122.418498371724,37.79682350194149
2005-08-26 16:40:00,-122.372202831457,37.728381194358704
2005-08-24 09:30:00,-122.424654777093,37.7583491422634
2005-08-14 08:00:00,-122.41714480239901,37.7121502932531
2005-08-12 22:55:00,-122.389316142253,37.72166539149929
2005-08-12 01:45:00,-122.42908050599002,37.7380234737965
2005-08-11 03:30:00,-122.462726668228,37.7243221953999
2005-08-10 06:00:00,-122.420285729368,37.788940782957
2005-08-09 13:00:00,-122.41584375719,37.7874017655636
2005-07-31 14:15:00,-122.413609328985,37.784696907904
2005-07-30 18:00:00,-122.459610061187,37.72453178488
2005-07-30 15:00:00,-122.390670834934,37.736611643242
2005-07-30 01:30:00,-122.413284982758,37.754945729830396
2005-07-30 01:00:00,-122.428840433603,37.780972734343706
2005-07-29 22:30:00,-122.42815115473,37.7815325510309
2005-07-29 22:00:00,-122.382452903681,37.7349303029099
2005-07-28 06:00:00,-122.39720193799299,37.75353512427621
2005-07-26 00:01:00,-122.45868018978202,37.748155469233204
2005-07-15 01:03:00,-122.41328226919701,37.7441510455251
2005-07-13 23:45:00,-122.407897864406,37.758488576048
2005-07-11 20:46:00,-122.432612021991,37.7785794811344
2005-07-11 03:23:00,-122.40780266837601,37.7893818905021
2005-06-27 07:00:00,-122.40592676980101,37.7972783315762
2005-06-16 02:30:00,-122.45197021558901,37.7357527407473
2005-06-15 18:30:00,-122.456090887004,37.752595605203396
2005-06-15 02:41:00,-122.388667171578,37.7223782958446
2005-06-14 00:33:00,-122.408600405402,37.7756834676857
2005-06-13 13:00:00,-122.40925939291701,37.710899803189896
2005-06-05 18:49:00,-122.408673540372,37.7800574377607
2005-06-04 02:40:00,-122.412998370351,37.718686647895495
2005-05-22 23:00:00,-122.382660660186,37.7308000998774
2005-05-20 17:30:00,-122.480450749459,37.7190118676786
2005-05-20 04:01:00,-122.40747925259,37.7823625392664
2005-05-17 04:08:00,-122.394722845179,37.72475609595
2005-05-08 21:37:00,-122.423304635548,37.72266944630029
2005-05-08 13:25:00,-122.41714480239901,37.7121502932531
2005-05-08 03:08:00,-122.390507422259,37.73137596298579
2005-05-04 06:23:00,-122.40340479147899,37.775420706711
2005-04-24 01:57:00,-122.377026608239,37.729440713500296
2005-04-19 23:44:00,-122.390145620854,37.74110727650329
2005-04-19 20:40:00,-122.42533375471399,37.7176206474966
2005-04-19 02:26:00,-122.39857629181999,37.7411420470013
2005-04-18 01:53:00,-122.424998043878,37.8027319222988
2005-04-10 01:25:00,-122.481587810499,37.7213308614526
2005-04-09 09:30:00,-122.50692200153799,37.7757392980821
2005-04-08 18:00:00,-122.431149073441,37.777698406901
2005-04-06 09:00:00,-122.434821446921,37.7811662982153
2005-03-27 04:37:00,-122.382852175823,37.7256943991515
2005-03-23 07:00:00,-122.43315586900299,37.78126734681
2005-03-21 15:30:00,-122.40340479147899,37.775420706711
2005-03-21 10:11:00,-122.38841610822901,37.7191956969734
2005-03-11 18:45:00,-122.414845139214,37.7605000726041
2005-03-07 19:00:00,-122.441937491745,37.7744069206938
2005-02-27 22:45:00,-122.43743811876301,37.7237173830138
2005-02-26 22:30:00,-122.41038702801501,37.7450954589079
2005-02-24 13:30:00,-122.425591802243,37.7197426710766
2005-02-22 00:43:00,-122.45139141305201,37.712638051991796
2005-02-11 20:00:00,-122.41379097278099,37.783836556534794
2005-02-11 12:30:00,-122.49009343735901,37.780792084019396
2005-02-11 00:35:00,-122.40901120663901,37.7811340568243
2005-02-07 07:47:00,-122.40058908694999,37.738988165987294
2005-02-07 04:30:00,-122.41093275078899,37.7694113849465
2005-01-30 02:33:00,-122.396854743097,37.7383701754053
2005-01-29 07:30:00,-122.38758678079901,37.7502652918684
2005-01-27 03:45:00,-122.43922290063499,37.7777427514236
2005-01-26 22:00:00,-122.43278840978701,37.723784454682296
2005-01-25 22:54:00,-122.46620466789301,37.7725405391593
2005-01-24 23:00:00,-122.42502303078899,37.7742865360686
2005-01-16 01:48:00,-122.40340479147899,37.775420706711
2005-01-14 21:16:00,-122.375605171962,37.730721521570295
2005-01-14 14:58:00,-122.416446124049,37.7329162539537
2005-01-14 03:34:00,-122.40954276725,37.7195088952058
2005-01-12 05:45:00,-122.40669059226101,37.7852071918419
2004-12-24 13:05:00,-122.502710973792,37.7605643626043
2004-12-22 21:06:00,-122.397741566597,37.7650728676819
2004-12-21 15:18:00,-122.42130534839599,37.7321638759455
2004-12-09 08:00:00,-122.401968361773,37.7356138034783
2004-12-07 22:10:00,-122.417805281259,37.796193179633796
2004-11-28 20:40:00,-122.406725329529,37.7585641691709
2004-11-28 04:15:00,-122.399364608159,37.7681836246384
2004-11-27 02:30:00,-122.420303482492,37.770896885856
2004-11-26 00:13:00,-122.38931064465,37.7387418395425
2004-11-25 15:30:00,-122.375605171962,37.730721521570295
2004-11-24 15:30:00,-122.39781202123301,37.7388469465805
2004-11-24 04:03:00,-122.419016755254,37.7865167265223
2004-11-22 14:45:00,-122.50964469377399,37.775206536734295
2004-11-14 01:40:00,-122.381719720362,37.72544807413321
2004-10-31 14:00:00,-122.409853729941,37.7833862379382
2004-10-31 02:42:00,-122.41931732407,37.7879136979106
2004-10-31 00:01:00,-122.411281399822,37.7898978570344
2004-10-30 03:35:00,-122.50514210481,37.750149155364106
2004-10-29 04:30:00,-122.42511038332,37.7630432713507
2004-10-26 22:50:00,-122.41271854455499,37.7886466255672
2004-10-16 16:30:00,-122.509193552106,37.7756193870159
2004-10-15 11:15:00,-122.486406105517,37.7331757281339
2004-10-14 04:01:00,-122.45972968965799,37.723594945730795
2004-10-12 23:45:00,-122.46422747345801,37.7521607848006
2004-10-12 10:38:00,-122.470359608661,37.7460753397163
2004-10-11 04:30:00,-122.39286262075399,37.7266458218535
2004-10-03 09:45:00,-122.41026164759899,37.7738916667153
2004-10-03 05:45:00,-122.392184416208,37.745101531369
2004-10-01 01:58:00,-122.416483539598,37.7218104029251
2004-09-30 23:04:00,-122.407815467605,37.7683548732735
2004-09-30 09:45:00,-122.404126459271,37.7614652487171
2004-09-30 01:12:00,-122.405740307882,37.7374170602909
2004-09-17 03:50:00,-122.387181635995,37.7209669615499
2004-09-15 18:40:00,-122.40865419347799,37.752769227933896
2004-09-14 01:05:00,-122.38787584403099,37.7389452677155
2004-09-04 20:00:00,-122.44090883967199,37.732307425298295
2004-09-04 04:20:00,-122.41154044765601,37.78740983565
2004-08-31 08:20:00,-122.386783027632,37.737002525786096
2004-08-22 02:00:00,-122.38416128618499,37.7273840237408
2004-08-21 00:54:00,-122.382370964778,37.7262328368628
2004-08-20 15:20:00,-122.421169141493,37.7759181636114
2004-08-20 00:53:00,-122.404007710567,37.7543694869111
2004-08-19 01:13:00,-122.485736249645,37.7081535997805
2004-08-17 08:45:00,-122.41305331790899,37.7382413298094
2004-08-17 04:53:00,-122.411747371924,37.785998832379796
2004-08-16 03:22:00,-122.480859762603,37.778390051167705
2004-08-08 06:45:00,-122.42173418986201,37.788296128454704
2004-08-07 19:10:00,-122.410041631816,37.78195365372571
2004-08-07 09:08:00,-122.406604919508,37.7571580431915
2004-08-07 02:11:00,-122.398341782099,37.7510539547185
2004-08-06 23:00:00,-122.439065944959,37.744277476687714
2004-08-06 22:25:00,-122.39496218153299,37.7278372709764
2004-08-03 10:51:00,-122.416953590297,37.7506650082311
2004-08-03 02:15:00,-122.421426143003,37.760101797057
2004-08-02 22:16:00,-122.39190426090201,37.7551569778325
2004-07-24 22:30:00,-122.410303619531,37.805021091463
2004-07-24 10:37:00,-122.413170698459,37.7726163177752
2004-07-24 10:35:00,-122.419858465007,37.7627429027065
2004-07-24 05:00:00,-122.395382931372,37.738405335176296
2004-07-23 12:18:00,-122.373456171525,37.7296796672727
2004-07-23 00:38:00,-122.406088073571,37.7309752639978
2004-07-23 00:30:00,-122.39010254953301,37.74588490267711
2004-07-20 21:33:00,-122.373894389578,37.7309368356332
2004-07-20 12:30:00,-122.424421767504,37.736401002257
2004-07-19 08:30:00,-122.480606348865,37.7175185873081
2004-07-19 04:27:00,-122.41205091003599,37.7892738896382
2004-07-11 23:30:00,-122.38888010279499,37.7540545313131
2004-07-10 04:14:00,-122.448769079939,37.77073127123511
2004-07-08 19:54:00,-122.442678874433,37.770606135285504
2004-07-07 13:00:00,-122.40781914809999,37.76320890498009
2004-07-07 05:20:00,-122.414406029855,37.7841907151119
2004-07-07 05:20:00,-122.414406029855,37.7841907151119
2004-07-06 03:01:00,-122.394020051522,37.739987260052
2004-07-05 03:21:00,-122.435679467444,37.7447604211148
2004-06-23 18:45:00,-122.36493749408001,37.8102044406285
2004-06-23 15:00:00,-122.432613921007,37.7147601703319
2004-06-23 10:44:00,-122.409061067118,37.79667866375471
2004-06-21 22:12:00,-122.388139317288,37.7182356373929
2004-06-13 22:00:00,-122.41717203578301,37.8023582922302
2004-06-12 02:47:00,-122.442610609708,37.8029319316628
2004-06-12 02:10:00,-122.43435168975901,37.8038720106925
2004-06-11 16:31:00,-122.44544037017499,37.7801230742424
2004-06-10 16:15:00,-122.41708535742399,37.7852153590471
2004-06-08 02:40:00,-122.46620466789301,37.7725405391593
2004-06-07 09:30:00,-122.42002595593901,37.7830500140737
2004-06-07 05:05:00,-122.41382007017599,37.7857382950322
2004-06-07 05:03:00,-122.41379841586901,37.7856297942374
2004-05-30 23:00:00,-122.40696994408701,37.7786617943902
2004-05-30 22:45:00,-122.390645819037,37.7830549839906
2004-05-30 19:48:00,-122.507245187757,37.7444515250052
2004-05-26 10:26:00,-122.386286102009,37.7323455899635
2004-05-26 04:10:00,-122.382370964778,37.7262328368628
2004-05-15 23:20:00,-122.447095289615,37.7111225502685
2004-05-15 17:20:00,-122.399478103813,37.7417242812104
2004-05-15 04:01:00,-122.43249532565399,37.7147036723166
2004-05-14 03:43:00,-122.385684144766,37.7272326718873
2004-05-13 21:20:00,-122.42850467539,37.7795337535575
2004-05-13 11:00:00,-122.42130534839599,37.7321638759455
2004-05-12 22:45:00,-122.449116002905,37.777321600666106
2004-05-10 16:25:00,-122.39651609826099,37.752311219689204
2004-05-02 22:10:00,-122.378544214093,37.7289426951277
2004-04-30 13:00:00,-122.389889010114,37.7210463190078
2004-04-29 08:43:00,-122.41382007017599,37.7857382950322
2004-04-26 22:56:00,-122.388592555318,37.71663317826
2004-04-15 15:45:00,-122.504952144418,37.7762844361761
2004-04-15 05:22:00,-122.40695561414499,37.716276682291706
2004-04-15 04:04:00,-122.416192700509,37.718510177529
2004-04-12 05:00:00,-122.46620466789301,37.7725405391593
2004-04-12 02:19:00,-122.419837816387,37.7593751579447
2004-04-01 22:00:00,-122.395513264888,37.7536178531447
2004-03-31 00:01:00,-122.440731807636,37.7851939209085
2004-03-30 15:54:00,-122.42099691286501,37.783103266892
2004-03-19 22:10:00,-122.48522631533501,37.7146945275264
2004-03-18 14:45:00,-122.50234101895201,37.740916776661294
2004-03-17 14:40:00,-122.40165866347601,37.7841666882161
2004-03-16 07:00:00,-122.423548877173,37.74394400245
2004-03-07 00:38:00,-122.416192700509,37.718510177529
2004-03-06 22:13:00,-122.382852175823,37.7256943991515
2004-03-06 16:00:00,-122.46280237940901,37.7763356090895
2004-03-05 19:00:00,-122.434137606289,37.7816850865094
2004-03-05 03:58:00,-122.433806712295,37.8011834016788
2004-03-03 17:15:00,-122.49949694357599,37.7607068350315
2004-03-03 07:30:00,-122.427242380192,37.7614118083919
2004-03-02 10:00:00,-122.40901120663901,37.7811340568243
2004-02-22 18:00:00,-122.383995699937,37.72911385404221
2004-02-19 19:22:00,-122.38846241959699,37.7288786692236
2004-02-19 04:27:00,-122.386304220968,37.7349050342849
2004-02-19 01:00:00,-122.42089725493601,37.7284782118173
2004-02-18 23:38:00,-122.425000578162,37.7785384965829
2004-02-18 14:59:00,-122.411607253459,37.8044472417935
2004-02-18 04:45:00,-122.39122571280001,37.759056472790704
2004-02-16 20:50:00,-122.378920771859,37.7286119710993
2004-02-06 01:12:00,-122.42055675144199,37.7108945814914
2004-02-05 00:05:00,-122.385159468113,37.7184097220634
2004-02-03 12:00:00,-122.420253564524,37.7536816295495
2004-01-25 23:56:00,-122.43560432950599,37.744000752944295
2004-01-23 01:05:00,-122.484629238636,37.7622797890704
2004-01-22 03:06:00,-122.39142506985701,37.7778727797586
2004-01-21 13:10:00,-122.452289660492,37.72569335757029
2004-01-20 00:35:00,-122.420042095728,37.7870450616857
2004-01-11 20:49:00,-122.420164211436,37.7357763298683
2004-01-10 19:00:00,-122.37551296863501,37.730806609582
2004-01-09 15:00:00,-122.46620466789301,37.7725405391593
2004-01-06 18:50:00,-122.41954956879,37.7849590112399
2004-01-05 13:14:00,-122.39720193799299,37.75353512427621
2004-01-05 05:45:00,-122.43406800893801,37.777437738173106
2004-01-05 01:05:00,-122.44548812575,37.804914835640105
2003-12-28 22:50:00,-122.420322566938,37.70991404999
2003-12-27 05:15:00,-122.39134975221901,37.7256666094246
2003-12-27 02:30:00,-122.42346257513,37.7406184025308
2003-12-26 18:50:00,-122.417107986993,37.7122561827524
2003-12-25 18:02:00,-122.417638463771,37.7954904018711
2003-12-25 07:00:00,-122.443173176231,37.7299587015105
2003-12-22 03:33:00,-122.412418664281,37.7093944394649
2003-12-14 00:59:00,-122.40158959441798,37.765477560366
2003-11-30 14:55:00,-122.455468425157,37.786210973675
2003-11-29 16:44:00,-122.405784439722,37.775184377494
2003-11-27 02:55:00,-122.395513264888,37.7536178531447
2003-11-26 01:30:00,-122.414998913188,37.7708946575816
2003-11-25 12:30:00,-122.455815337851,37.7112226803075
2003-11-24 14:30:00,-122.43807194915199,37.7720408002783
2003-11-16 08:10:00,-122.426340097288,37.7725733730723
2003-11-15 20:20:00,-122.39010254953301,37.74588490267711
2003-11-14 14:45:00,-122.458857560736,37.78220007231379
2003-11-12 21:22:00,-122.39891098422301,37.7408611595295
2003-11-12 17:00:00,-122.47583495149401,37.7373757463497
2003-11-10 16:45:00,-122.46856284583299,37.7798381239123
2003-11-02 22:00:00,-122.38186730007799,37.7305667976884
2003-10-31 23:35:00,-122.40647233377199,37.776963442394
2003-10-31 17:00:00,-122.394668562532,37.75767938973321
2003-10-31 09:15:00,-122.42130534839599,37.7321638759455
2003-10-29 04:22:00,-122.40460333099199,37.7385046034115
2003-10-29 02:58:00,-122.411071423064,37.7817511307229
2003-10-29 02:15:00,-122.40340479147899,37.775420706711
2003-10-27 19:23:00,-122.399671791086,37.723293933153
2003-10-18 02:40:00,-122.400036386185,37.741113070645596
2003-10-16 03:23:00,-122.412999075009,37.786277459166
2003-10-15 03:00:00,-122.43043866379,37.7309067502055
2003-10-14 22:25:00,-122.40954276725,37.7195088952058
2003-10-14 14:50:00,-122.473064099314,37.7122982509145
2003-10-14 12:20:00,-122.408353417441,37.7327734845493
2003-10-05 10:00:00,-122.416725586439,37.7579542740829
2003-10-05 02:50:00,-122.425836398256,37.71827912805429
2003-10-05 00:40:00,-122.39985284031201,37.7381735692778
2003-10-04 23:20:00,-122.41978742824399,37.749737447997106
2003-10-02 12:26:00,-122.42310715353099,37.755573041962
2003-09-29 23:00:00,-122.493403241013,37.735766334949396
2003-09-29 15:27:00,-122.38499543409,37.7325333188542
2003-09-20 20:18:00,-122.36493749408001,37.8102044406285
2003-09-16 18:00:00,-122.491956779206,37.7768766735218
2003-09-07 22:51:00,-122.39624212079201,37.7213661801557
2003-09-07 05:29:00,-122.399370590026,37.7387108274334
2003-09-06 04:19:00,-122.42175505248899,37.7310860944671
2003-09-06 03:20:00,-122.38274539551901,37.73565878863421
2003-09-05 23:59:00,-122.390747034966,37.745168793206794
2003-09-02 21:22:00,-122.423304635548,37.72266944630029
2003-09-02 02:50:00,-122.42197091903799,37.7423752245575
2003-09-01 18:30:00,-122.460926683246,37.7801819739328
2003-09-01 16:18:00,-122.40712973890699,37.7504851919731
2003-09-01 03:55:00,-122.443101526211,37.8056090215901
2003-08-24 16:50:00,-122.424621297176,37.8008471623182
2003-08-21 10:00:00,-122.39844780285699,37.7980037233355
2003-08-20 03:07:00,-122.378928955993,37.7352990706774
2003-08-18 20:50:00,-122.411800134753,37.784089036686794
2003-08-18 14:40:00,-122.45567852962401,37.7237017394146
2003-08-10 11:20:00,-122.407376463936,37.7799892619986
2003-08-06 18:30:00,-122.42021727334499,37.7791510160099
2003-08-05 09:13:00,-122.412054141237,37.7816136403158
2003-08-05 06:51:00,-122.40806834515499,37.783991676793214
2003-08-04 12:00:00,-122.40340479147899,37.775420706711
2003-07-27 08:49:00,-122.382290550761,37.726322214822
2003-07-26 21:35:00,-122.406049453861,37.7242729303328
2003-07-24 03:01:00,-122.411887472598,37.74156280789371
2003-07-23 01:25:00,-122.429991038695,37.7793454488606
2003-07-22 21:49:00,-122.42130534839599,37.7321638759455
2003-07-21 11:55:00,-122.415088721046,37.7836719564372
2003-07-13 19:00:00,-122.43631861386999,37.79692792888829
2003-07-12 11:10:00,-122.43515009981199,37.7617597243598
2003-07-11 12:30:00,-122.416192700509,37.718510177529
2003-07-10 20:25:00,-122.390697630726,37.7347969947664
2003-07-09 19:29:00,-122.400429640823,37.7171464036619
2003-07-09 15:13:00,-122.388817917114,37.734752508079296
2003-07-09 02:50:00,-122.41326874239901,37.7386381492454
2003-07-08 04:15:00,-122.36493749408001,37.8102044406285
2003-07-07 03:56:00,-122.429918677577,37.7774431475107
2003-06-28 03:00:00,-122.450562512299,37.7173835692586
2003-06-26 23:45:00,-122.384926170333,37.7202785995095
2003-06-26 02:25:00,-122.39110268538799,37.7228143812956
2003-06-25 03:00:00,-122.38645209735701,37.7111618711939
2003-06-24 20:50:00,-122.404385042303,37.7721958190345
2003-06-24 18:50:00,-122.41127194053699,37.776032950124396
2003-06-24 16:30:00,-122.39557239993799,37.7375042189557
2003-06-24 16:15:00,-122.416293820942,37.7774936777121
2003-06-23 19:15:00,-122.407563368631,37.7931432786834
2003-06-15 17:00:00,-122.40184636752899,37.7790324136022
2003-06-13 22:00:00,-122.386332904186,37.752863058064
2003-06-12 17:00:00,-122.403775864685,37.7282405026531
2003-06-12 10:00:00,-122.44352039096,37.7989993135254
2003-06-12 08:36:00,-122.390332083069,37.729937519957204
2003-06-11 20:30:00,-122.39893712182399,37.7565542061561
2003-06-09 21:15:00,-122.39165519503901,37.7221837489706
2003-06-09 14:00:00,-122.40340479147899,37.775420706711
2003-06-01 08:00:00,-122.44112820762399,37.7199837193143
2003-05-31 04:43:00,-122.51003684107599,37.7732570409709
2003-05-30 16:46:00,-122.4208910342,37.7120920675614
2003-05-30 05:45:00,-122.436102868825,37.7600036963355
2003-05-29 21:00:00,-122.395635436168,37.7535645746594
2003-05-27 10:20:00,-122.403860419019,37.77981372039329
2003-05-26 04:45:00,-122.44886549702801,37.7315417594271
2003-05-18 13:30:00,-122.449328648219,37.767773887474796
2003-05-17 16:50:00,-122.410157073911,37.784297384331204
2003-05-15 23:52:00,-122.413689986591,37.7347306985052
2003-05-15 21:14:00,-122.41907475496201,37.7667189830285
2003-05-15 20:51:00,-122.50553749562799,37.76236308781471
2003-05-15 19:42:00,-122.388667171578,37.7223782958446
2003-05-13 20:30:00,-122.505947485796,37.752885142776606
2003-05-02 17:00:00,-122.427242380192,37.7614118083919
2003-05-01 14:00:00,-122.443009986764,37.7218704825421
2003-04-29 22:20:00,-122.45126953837601,37.7176252236615
2003-04-29 22:01:00,-122.37826801848101,37.7323807302226
2003-04-29 11:52:00,-122.408421116922,37.7835699386918
2003-04-28 14:00:00,-122.442364696255,37.7848750530811
2003-04-15 13:00:00,-122.438557871099,37.7868585831259
2003-04-06 01:50:00,-122.451236373142,37.770359801981705
2003-04-03 01:10:00,-122.46802231247801,37.773303938125
2003-04-02 01:20:00,-122.403770475679,37.7431530818981
2003-03-31 21:26:00,-122.451882643621,37.7191893908295
2003-03-23 23:27:00,-122.376944786094,37.7330182195682
2003-03-22 17:55:00,-122.40340479147899,37.775420706711
2003-03-21 18:15:00,-122.505426991879,37.7380011769515
2003-03-21 10:25:00,-122.406079770608,37.72041061847521
2003-03-18 22:05:00,-122.43157049359101,37.7331092112315
2003-03-18 17:27:00,-122.391057691871,37.7463639698082
2003-03-17 21:01:00,-122.50939961312099,37.764029830100895
2003-03-17 03:00:00,-122.46162016910101,37.7812597610597
2003-03-09 19:20:00,-122.406539115148,37.7564864109309
2003-03-06 03:00:00,-122.42854078809602,37.7329064445593
2003-03-05 23:30:00,-122.42317034730101,37.7226431761767
2003-03-05 15:00:00,-122.43314806477,37.7654653107492
2003-03-03 22:00:00,-122.407544906452,37.7651192951994
2003-03-03 04:19:00,-122.486667576213,37.7453555419744
2003-02-21 01:53:00,-122.42124301162,37.7404397369084
2003-02-19 06:54:00,-122.384926170333,37.7202785995095
2003-02-19 06:54:00,-122.384926170333,37.7202785995095
2003-02-18 20:00:00,-122.42413496520099,37.7829560098764
2003-02-08 15:00:00,-122.408805452633,37.7631689864934
2003-02-08 12:59:00,-122.39004665322399,37.7239782489915
2003-02-07 05:00:00,-122.41965834371,37.7642205603745
2003-02-06 05:40:00,-122.45758514143999,37.7148630090118
2003-02-05 21:40:00,-122.40915098173299,37.7478011070519
2003-02-05 19:10:00,-122.39562525104701,37.7583783510206
2003-02-04 01:32:00,-122.42197091903799,37.7423752245575
2003-01-25 17:20:00,-122.417940444727,37.7936819085534
2003-01-25 00:55:00,-122.387111500224,37.7241125318769
2003-01-24 00:18:00,-122.399128823397,37.7145317461379
2003-01-20 01:29:00,-122.387181635995,37.7209669615499
2003-01-12 14:30:00,-122.442195536411,37.78405418571021
2003-01-11 23:30:00,-122.412465904842,37.7352383622147
2003-01-11 23:30:00,-122.412465904842,37.7352383622147
2003-01-10 01:35:00,-122.378920771859,37.7286119710993
2003-01-08 22:20:00,-122.41532199552799,37.75403431110861
